,word,freq
0,CRACKERS,25
1,GRAM,95
2,ORIGINAL,25
3,PACK,312
4,RITZ,2
5,ALMOND,22
6,COOKIES,46
7,CRANBERRY,10
8,UNIBIC,2
9,BRITANNIA,160
10,BUTTER,51
11,CREAMY,126
12,DAY,4
13,GOOD,15
14,CASHEW,3
15,HEARTS,7
16,LITTLE,6
17,FARM,18
18,GOLDFISH,1
19,PEPPERIDGE,1
20,PIZZA,16
21,CAKES,49
22,CORN,16
23,FLAVOUR,124
24,QUAKER,5
25,NUTTER,1
26,PEANUT,16
27,SANDWICH,30
28,CLASSIC,35
29,BISLERI,6
30,BOTTLE,26
31,DRINKING,9
32,ML,6
33,PACKAGED,5
34,WATER,33
35,ALKALINE,2
36,HIMALAYAN,18
37,MINERAL,2
38,NATURAL,51
39,COFFEE,40
40,DOUBLE,6
41,DRINK,77
42,ESPRESSO,4
43,SHOT,6
44,OWL#SLEEPY,8
45,READY#TO,82
46,BEVERAGE,31
47,BULL,4
48,CALORIE,4
49,ENERGY,11
50,FREE,53
51,LOW,36
52,RED,63
53,SUGAR,58
54,STRAWBERRY,36
55,BOAT#PAPER,18
56,LEMONADE#REFRESHING,7
57,COSMIC,3
58,FUNCTIONAL,1
59,ELECTROLYTE,5
60,LEMON,27
61,GATORADE#SPORTS,2
62,GOLD,10
63,ICED,26
64,SWEET,66
65,TATA,31
66,TEA,19
67,ZERO,16
68,BLUEBERRY,16
69,DIET,4
70,GREEN,64
71,LIPN,1
72,PEACH,16
73,SWEETENED,12
74,DABUR,3
75,HONEY,19
76,ORGANIC,114
77,PURE,14
78,FRUIT,73
79,JAM,2
80,KISSAN,11
81,SPREAD,32
82,MANTRA,23
83,CHILLI,27
84,CHIPOTLE,5
85,SAUCE,44
86,SMOKY,5
87,SPICY,41
88,VEEBA,64
89,HICKORY,4
90,LIQUID,34
91,MARINADE,14
92,BLEND,28
93,GLUTEN,12
94,KEYA,14
95,MIX,74
96,SEASONING,32
97,EXTRA,25
98,HABANERO,2
99,HOT,29
100,GROUND,13
101,HORSERADISH,1
102,MUSTARD,7
103,STONE,8
104,WITH,50
105,AND,77
106,RICH,32
107,STEAK,11
108,THICK,7
109,DIP,42
110,RANCH,12
111,LIME,12
112,MAYONNAISE,6
113,DRESSING,19
114,BORGES,16
115,CAESAR,6
116,CROUTONS,8
117,CHEESE,189
118,JALAPENO,14
119,PEPPERS,40
120,PICKLED,20
121,SLICED,73
122,VEGETABLE,31
123,DICED,10
124,MILD,76
125,PIMENTO,1
126,OKRA,2
127,PRESERVED,20
128,TANGY,8
129,BABY,32
130,CRUNCHY,9
131,CUCUMBERS,12
132,DEL,41
133,DILL,9
134,MONTE,34
135,STYLE,88
136,BERRY,11
137,REFRESHING,2
138,SPARKLING,9
139,CANS,10
140,COKE,27
141,FRIDGE,1
142,SOFT,74
143,UP,5
144,COLA,13
145,VANILLA,38
146,CARBONATED,2
147,PEPSI,3
148,CHIPS,28
149,LAY,2
150,POTATO,40
151,S,59
152,SALT,33
153,SEA,7
154,PUFF,5
155,TOO#YUMM,15
156,ACT,6
157,KETTLE,1
158,II#POPCORN,6
159,ONION,26
160,SOUR,24
161,KURKURE,1
162,MASALA,13
163,SNACK,105
164,WAVY,3
165,DORITOS,2
166,TORTILLA,10
167,SCOOPS,1
168,STRIPS,7
169,HAPPILO,10
170,MEXICAN,14
171,SALTED,11
172,HALDIRAM,3
173,ROASTED,26
174,SMOKE,47
175,KERNELS,3
176,WHITE,49
177,COUSCOUS,1
178,PEARL,15
179,CAJUN,1
180,BROWN,25
181,BAR,27
182,MAX,4
183,NUT,5
184,PROTEIN,29
185,RITEBITE,7
186,FIBRE,2
187,FIG,1
188,YOGA,13
189,BREAKFAST,31
190,GRAIN,5
191,KELLOGGS,4
192,NUTRI,1
193,MIXED,25
194,ROLLS,41
195,HIGH,11
196,INSTANT,11
197,OATS,11
198,PLAIN,11
199,REGULAR,5
200,CEREAL,5
201,K,2
202,MULTIGRAIN,11
203,SPECIAL,3
204,MUESLI,1
205,SEEDS,10
206,CUP,30
207,FROOT,1
208,LOOPS,1
209,CUSTARD,2
210,DESSERT,32
211,POWDER,28
212,WEIKFIELD,8
213,BUTTERSCOTCH,3
214,FOR,37
215,HERSHEYS,1
216,SYRUP,13
217,BAKING,10
218,BIRD,4
219,BLUE,9
220,DRY,15
221,INGREDIENT,5
222,YEAST,2
223,APPLE,47
224,BAKE,17
225,CINNAMON,14
226,MUFFIN,20
227,PILLSBURY,15
228,CADBURY,10
229,COCOA,14
230,MARSHMALLOW,2
231,CORNBREAD,2
232,CHOCOLATE,68
233,EVEREST,7
234,PREMIUM,78
235,SESAME,4
236,TOASTED,4
237,COCONUT,13
238,OIL,16
239,REFINED,3
240,AASHIRVAAD,2
241,FLOUR,5
242,WHEAT,16
243,DHAMPURE,5
244,RAW,22
245,UNREFINED,1
246,CALM,1
247,HERBAL,4
248,INDIA,20
249,RELAXATION,1
250,AROMA,3
251,BRU,3
252,FRENCH,14
253,STRONG,7
254,HOUSE,10
255,CONTINENTAL,2
256,TOFFEE,3
257,BLONDE,1
258,PODS,4
259,CAPPUCCINO,2
260,DONUT,27
261,DARK,7
262,COLOMBIA,1
263,GUATEMALAN,1
264,TOKAI,3
265,MOCHA,5
266,TASTE,1
267,BASED,9
268,CANISTER,2
269,MINT,41
270,AMUL,127
271,UHT,7
272,JUICE,55
273,RASPBERRY,19
274,REAL,39
275,ACTIV,4
276,SODIUM,6
277,FAT,40
278,NESTLE,16
279,DURUM,1
280,PASTA,44
281,PENNE,2
282,RIGATE,1
283,TOMATO,23
284,BASIL#PESTO,4
285,NAVNEET,1
286,NOTEBOOK,1
287,PRIMARY,1
288,WRITING,1
289,BASIL,2
290,CALCULATOR,1
291,CASIO,1
292,CLIPS,1
293,JUMBO,8
294,KANGARO,1
295,PAPER,4
296,CHUNKS,9
297,TUNA,13
298,JOHN#WEST,2
299,LIGHT,17
300,GLOVES,1
301,LARGE,43
302,LEATHER,1
303,STANLEY,1
304,DISPOSABLE,4
305,FOAM,1
306,ORIGAMI,7
307,OUNCE,9
308,BOX,11
309,PULLS,2
310,ULTRA,12
311,FACIAL#TISSUE,4
312,CLEAR,16
313,PARTY,15
314,PLASTIC,2
315,RECYCLABLE,1
316,INCH,7
317,PLATES,44
318,USE,4
319,ANT,1
320,BAIT,1
321,CONTROL,1
322,EFFECTIVE,1
323,GOODKNIGHT,1
324,PESTO,2
325,SOLUTION,2
326,TRAP,9
327,KNORR,11
328,MUSHROOM,12
329,OF,36
330,ASEPTIC,1
331,BROTH,5
332,CHICKEN,333
333,REDUCED,8
334,STOCK,3
335,SERVE,19
336,NOODLE,7
337,CHARGE#DEPOSIT,5
338,SINGLE,16
339,UNIT,3
340,FOOD,27
341,NON,5
342,SERVICE,1
343,CODE,8
344,DIGITAL,3
345,REDEMPTION,1
346,COUPON#DISCOUNT#GROCERY,10
347,OFFER,2
348,CAT,18
349,PUREPET,6
350,WET,14
351,CLUMPING,3
352,FRAGRANCE,9
353,FRESH,351
354,LITTER,4
355,MULTI,6
356,SAVIC,1
357,DROOLS,10
358,SEAFOOD,3
359,TREATS,14
360,ADULT,4
361,DOG,29
362,PEDIGREE,3
363,SALMON,7
364,HEALTH,13
365,PROACTIVE,1
366,CLEANING,2
367,ODOUR,2
368,SPRAY,21
369,REMOVER#STAIN,3
370,KITTEN,1
371,VARIETY,10
372,GRAVY,8
373,IN,23
374,QUALITY,14
375,RECIPE,5
376,AUTOMATIC,7
377,DETERGENT,7
378,DISHWASHER,2
379,GEL,15
380,MACHINES,2
381,VIM,3
382,AID,1
383,RINSE,1
384,DISHWASHER#FINISH,4
385,ALL,5
386,ONE,1
387,TABLETS,5
388,SCENT,4
389,COMFORT,12
390,DRYER,1
391,FABRIC,7
392,SHEETS,3
393,SOFTENER,4
394,WASH,12
395,EXCEL#SURF,2
396,DUTY#HEAVY,3
397,BAGS,11
398,FREEZER,1
399,PIGEON,2
400,QUART,9
401,SIZE,39
402,SLIDER,7
403,STORAGE,4
404,AIRTIGHT,1
405,GALLON,4
406,ALUMINIUM,2
407,PAN,2
408,PRESTIGE,3
409,LOAF,34
410,STICK,50
411,AER,2
412,GODREJ,55
413,REFILL,2
414,TROPICAL,15
415,AIR#FRESHENER,3
416,DETTOL,1
417,DISINFECTANT,1
418,MILTON,1
419,LAVENDER,11
420,PLUG,1
421,BLOCK,21
422,ODONIL,1
423,CLEANER,6
424,FLOOR,1
425,LIZOL,1
426,GALA,6
427,GARBAGE,2
428,BRITE,2
429,SCOTCH,2
430,SCRUB,2
431,SPONGE,5
432,CHOCOLATE#DARK,8
433,NUTRITION,6
434,OPTIMUM,1
435,STANDARD,1
436,WHEY,1
437,ENSURE,1
438,SHAKE,1
439,WATERMELON,7
440,GRANOLA,3
441,POLENTA,3
442,URBAN,28
443,HOMMADE,1
444,CHING,4
445,CHOW,1
446,MEIN,1
447,CHESTNUTS,1
448,CHEETOS,2
449,FLAMIN,1
450,MAC,2
451,KRAFT,3
452,SHELLS,5
453,CANDLE,2
454,JESUS,1
455,MOKSH,1
456,PRAYER,3
457,REFRIED,1
458,BEANS#DEL#MONTE,3
459,BEANS,24
460,WINGREENS,33
461,FIERY,1
462,SOUTHWEST,3
463,FARMS#WINGREENS,8
464,ENCHILADA,2
465,CATCH,6
466,WHOLE,23
467,RAJMA,3
468,EAT,27
469,PRASUMA,33
470,RAVIOLI,7
471,CHANA,1
472,KABULI,1
473,TATTVA,3
474,SLURRP,2
475,POUCH#PUREE,4
476,FROZEN,40
477,POTSTICKERS,1
478,YUMMIEZ,39
479,ITALIAN,20
480,MEATBALLS,7
481,BURGER,20
482,PATTY,7
483,CRISPY,20
484,NUGGETS,5
485,VENKY,18
486,FINGERS,1
487,MEAL,22
488,CHEF#ITC#MASTER,19
489,PRETZEL,9
490,BITE,16
491,HOMESTYLE,3
492,BONELESS,40
493,BUFFALO,6
494,FRY,3
495,HEAT,2
496,PATTIES,7
497,COOKED#FULLY,4
498,WINGS,13
499,AIR,1
500,FRYER,1
501,READY,5
502,ORANGE,25
503,LOADED,2
504,PIE,17
505,POT,1
506,BLEU,1
507,CORDON,2
508,CUTLETS,3
509,STUFFED,2
510,BREAST,28
511,CHEDDAR,33
512,GOURMET,3
513,SPICE,4
514,CUTS,63
515,LICIOUS,51
516,TANDOORI,3
517,LAMB,7
518,LEG,9
519,SHORT,1
520,TENDER,6
521,EMPANADA,1
522,BACK,5
523,RIBS,5
524,KABOBS,1
525,SKEWERS,2
526,COUNTRY,5
527,LINKS,6
528,SAUSAGE,50
529,PAPRIKA,3
530,GOAT,10
531,BELLY,5
532,HAND,1
533,SKINLESS,7
534,TRIMMED,1
535,THIN,15
536,BONES,11
537,NECK,2
538,TRADITIONAL,5
539,HAM,31
540,GLAZED,6
541,HALF,5
542,SPIRAL,1
543,GIZZARD,4
544,STOMACH,1
545,MARROW,4
546,LIVER,2
547,ASIAN,4
548,KIT,9
549,SALAD,54
550,SALAMI,26
551,FRESHLY#PREPARED,13
552,MOZZARELLA,15
553,STACKERS,1
554,NACHOS,2
555,PIECES,24
556,THIGH,10
557,BACON,13
558,APPLEWOOD,1
559,ENDS,2
560,UNCURED,1
561,KEEMA,4
562,MINCE,8
563,CHOPS,5
564,CUBES,21
565,TENDERLOINS,4
566,BBQ,9
567,BURNT,1
568,KANSAS,1
569,CARNITAS,1
570,KOREAN,2
571,CHILE,1
572,VERDE,1
573,PULLED,2
574,FAMILY,15
575,MASHED,6
576,BLACK,37
577,GARLIC,25
578,ROSEMARY,2
579,KEBAB,1
580,SEEKH,1
581,TIKKA,4
582,MALAI,1
583,CURRY,14
584,MUTTON,2
585,FRESHTOHOME,5
586,POPCORN,2
587,KG,7
588,SATAY,4
589,FILLET,33
590,SMALL,10
591,DRUMSTICK,4
592,BARBECUE,11
593,FISH,3
594,GOODDOT,1
595,VEG,8
596,BASED#PLANT,14
597,ZORABIAN,6
598,WINGLETS,1
599,VALUE,7
600,MEATIGO,13
601,BRATWURST,3
602,FILLET#PERI,1
603,TENDERCUTS,1
604,G,3
605,BAGELS,16
606,BREAD,72
607,MODERN,15
608,PUMPKIN,20
609,SWIRL,4
610,EVERYTHING,5
611,SAVOURY,6
612,SCHAR,2
613,HAWAIIAN,5
614,ENGLISH,20
615,RAISIN,4
616,SOURDOUGH,7
617,CARB#KETO,4
618,TEXAS,1
619,GOLD#HARVEST,30
620,RUSTIC,3
621,PERCENT,13
622,DAILY,2
623,MULTISEED,3
624,SPROUTED,8
625,BRIOCHE,4
626,BAKERY,13
627,SMOOTH,8
628,BUNS,24
629,DINNER,4
630,PUB,1
631,HAMBURGER,6
632,CIABATTA,1
633,FLAT,4
634,FLATBREAD,1
635,PITA,5
636,WRAPS,7
637,BREADSTICKS,1
638,ASSORTED,14
639,BUNDT,3
640,FESTIVE,5
641,CUPCAKES,7
642,MONGINIS,30
643,MULTIPACK,7
644,OATMEAL,3
645,SWISS,7
646,CANDY,5
647,TOPPINGS,7
648,BALLS,3
649,WAFER,2
650,DRIZZLE,2
651,COATED,5
652,CHERRY,13
653,BLACKBERRY,4
654,FROSTED,6
655,DANISH,4
656,PASTRY,6
657,CLAW,3
658,CIDER,2
659,FASHIONED#OLD,4
660,BUTTERMILK,6
661,GRANNY#SMITH,4
662,LADY,2
663,PINK,3
664,SWEETANGO,1
665,EUROPEAN,3
666,FANCY,2
667,OPAL,1
668,GLO,1
669,LUCY,1
670,AUTUMN,2
671,GLORY,1
672,SUGARBEE,2
673,DELICIOUS,6
674,AVOCADO,18
675,HASS,18
676,MEDIUM,18
677,RELIANCE,28
678,DRIED,13
679,NUTRAJ,3
680,SEEDLESS,20
681,NAVEL#ORANGES,9
682,CARB,14
683,GRAPEFRUIT,7
684,COTTON,1
685,GRAPES,20
686,DROP,1
687,MOON,5
688,BARTLETT,7
689,LOOSE,24
690,BOSC,2
691,ANJOU,3
692,PLUMS,2
693,YELLOW,25
694,APRICOTS,3
695,DRAGON,1
696,EXOTIC,3
697,NUTRIENTS,1
698,ALPHANSO,1
699,MANGO,12
700,IMPORTED,3
701,KIWI,6
702,CHERRIES,6
703,BEETROOT,2
704,CABBAGE,5
705,GOURD,2
706,CELERY,3
707,STALK,2
708,BUNCH,8
709,CARROT,4
710,SPRING,5
711,LEAVES,11
712,SPINACH,5
713,BULBS,2
714,PRODUCE,5
715,LONG,9
716,LEAF,8
717,LETTUCE,7
718,ICEBERG,2
719,RADISH,2
720,ROOT,3
721,SUN,6
722,BOK#CHOY,3
723,HERB,16
724,CORIANDER,5
725,PARSLEY,5
726,CURLY,1
727,SAGE,1
728,PORTOBELLO,2
729,BELL#GROWN,7
730,GREENHOUSE,5
731,HYDROPONIC,8
732,ANAHEIM,1
733,POBLANO,1
734,TO,3
735,SERRANO,1
736,PURPLE,2
737,GOLDEN,2
738,DECORATIVE,3
739,WARTED,1
740,RIPE,4
741,VINE,5
742,CLUSTER,2
743,HARVEST,1
744,BOWL,5
745,SUPER,4
746,BRUSSELS,1
747,BROCCOLI,6
748,ADDED,7
749,NO,9
750,PECANS,4
751,PROV,1
752,TURKISH,1
753,OPEN,1
754,SECRET,5
755,ROSTAA,4
756,TRAIL,4
757,ROAD,1
758,ROCKY,2
759,FARMLEY,2
760,SOKLET,1
761,CALIFORNIA,2
762,WALNUT,2
763,SNACKIBLE,1
764,YOGURT,42
765,GRITTIES,1
766,NUTTY,3
767,MA,2
768,CAULIFLOWER,2
769,BUTTERNUT#SQUASH,3
770,CANTALOUPE,1
771,PINEAPPLE,12
772,GINGER,5
773,WELLNESS,1
774,IMMUNITY,4
775,KAPIVA,4
776,CAYENNE,1
777,BOOSTER,1
778,HAPPYBOOCH,5
779,KOMBUCHA,10
780,ATMOSPHERE,4
781,CITRUS,6
782,PASSION,2
783,BANANA,9
784,POPPY,1
785,DR,4
786,FUNFOODS,7
787,MAYO,3
788,OETKER,4
789,BALSAMIC,2
790,VINAIGRETTE,2
791,CREMICA,2
792,GNOCCHERIA,1
793,GNOCCHI,2
794,LA,1
795,ACASA,1
796,RICOTTA,5
797,STYLPASTA,1
798,POPO,1
799,CULINARIA,1
800,TORTELLINI,5
801,DISANO,1
802,FUSILLI,1
803,FETTUCCINE,2
804,LINGUINE,1
805,ALFREDO,2
806,MILANO,2
807,FOREST,3
808,GRILLED,5
809,CURED,1
810,MAPLE,9
811,COMBO,2
812,HAVARTI,1
813,JACK,5
814,PROVOLONE,2
815,GO,20
816,STRING,1
817,CAMEMBERT,1
818,BRIE,4
819,GOUDA,3
820,WEDGES,1
821,AGED,3
822,EPIGAMIA,40
823,ROTINI,1
824,THREE,3
825,KALE,2
826,TUSCAN,1
827,CRYSTALS,6
828,JELLICE,2
829,JELLY,2
830,MOUSSE,1
831,SMOOR,1
832,HERBED,3
833,NOTO,1
834,BASKIN,1
835,ROBBINS,1
836,PISTACHIO,1
837,SHRIKHAND,2
838,CREAMBELL,2
839,RUSSIAN,1
840,MACARONI,5
841,GARDEN,4
842,FILLING,9
843,AMERICAN,8
844,DIPPERS,2
845,NAAN,4
846,BAGUETTE,1
847,NIBBLES#TASTY,5
848,BISCUIT,4
849,KELLOGG,2
850,GHOST,1
851,GUACAMOLE,1
852,HUMMUS,15
853,CAPSICUM,5
854,KALAMATA,1
855,OLIVES,11
856,FIGARO,3
857,PRAVIN,2
858,NEO,2
859,BINGO,2
860,BRUSCHETTA,1
861,SAUERKRAUT,3
862,SPEARS,2
863,GHERKINS,2
864,COUPON,2
865,DISCOUNT,2
866,STORE,2
867,PRONAMEL,8
868,SENSODYNE,18
869,TOOTHPASTE,29
870,ENAMEL,3
871,INTENSIVE,3
872,PROTECTION,3
873,REPAIR,3
874,SENSITIVE,13
875,TEETH,2
876,GENTLE,6
877,WHITENING,9
878,ACTION,4
879,PARODONTAX,1
880,COLGATE,2
881,DEEP,2
882,TOTAL,5
883,COLGATE#VISIBLE,6
884,TWIN,8
885,GUM,3
886,COMPLETE,5
887,O,3
888,CHARCOAL,4
889,BALM,6
890,LIP,11
891,ANTISEPTIC,1
892,BOROLINE,1
893,NIVEA,20
894,CHYAWANPRASH,1
895,GUMMIES,1
896,ALOE,5
897,GILLETTE,5
898,SHAVING,7
899,SKIN,8
900,MOISTURIZING,3
901,TREE,1
902,AVENUE#PARK,2
903,VERA,3
904,CEDARWOOD,1
905,SHEA,3
906,BATH,13
907,KHADI,6
908,PATANJALI,2
909,EUCALYPTUS,3
910,SOULFLOWER,2
911,SLEEP#THERAPY,2
912,RELIEF,1
913,STRESS,1
914,AROMAHPURE,1
915,BUBBLE,5
916,RELAXING,2
917,CO,2
918,ELDERBERRY,1
919,LOVE,2
920,THE,9
921,BODY,16
922,DOVE,25
923,MEN,26
924,IMPACT,1
925,SHOWER,2
926,DEEPLY,1
927,NOURISHING,1
928,JOJOBA,1
929,HAND#LIFEBUOY#SANITIZER,3
930,PUMP,1
931,ADVANCED,2
932,PARACHUTE,1
933,LOTION,6
934,VASELINE,1
935,FRUITY#SHINE,2
936,SPF,4
937,LAKME,1
938,NEUTROGENA,3
939,SHEER,1
940,SUNSCREEN,2
941,MOISTURE,2
942,LOTUS,1
943,SAFE,5
944,SPORTS,1
945,CETAPHIL,3
946,BOOST#HYDRO,2
947,CAPSULES,2
948,D,4
949,IU,1
950,SOFTGEL,2
951,VITAMIN,3
952,CARBAMIDE#FORTE,4
953,PROBIOTIC,3
954,STRAIN,1
955,MELATONIN,2
956,MG,3
957,HEALTHKART,1
958,SHAMPOO,5
959,CONDITIONER,7
960,DIAPER,1
961,RASH,1
962,FACE,2
963,NEEM,1
964,PURIFYING,1
965,FIT,2
966,FOUNDATION,14
967,MAYBELLINE,11
968,ME,4
969,FINISH,1
970,INVISIBLE,1
971,IVORY,2
972,LAKM,14
973,COSMETICS,9
974,MAKEUP,2
975,OAK,2
976,BEIGE,2
977,CANADA#FACES,10
978,DEW,1
979,HIGHLIGHTER,1
980,BISQUE,1
981,COLORBAR,9
982,NUDE,3
983,FLORAL,1
984,TONE,5
985,PORCELAIN,2
986,PERFECT,1
987,ENRICH,5
988,VIOLET,1
989,LIPSTICK#MATTE,10
990,LINER,6
991,LUMBER,1
992,PARTNER,1
993,CRAVE,1
994,NEW#YORK,7
995,ROSEWOOD,2
996,SPELLBOUND,1
997,A,4
998,FIRE,8
999,LIT,2
1000,DE,4
1001,DULCE#LECHE,2
1002,BLUSH,1
1003,SWEETHEART,1
1004,GARNET,1
1005,SCARLET,1
1006,SIENNA,1
1007,MAUVE,1
1008,ROMANCE,1
1009,AT,1
1010,COLOR,4
1011,DAWN,1
1012,NAIL,7
1013,ROSE,3
1014,COZUMELTED,1
1015,LACQUER,2
1016,NOLA,1
1017,WAY,1
1018,AURORA,1
1019,BIG,2
1020,BOSSA,1
1021,DON,1
1022,NOVA,1
1023,T,1
1024,EYELINER,9
1025,FELT#TIP,2
1026,ASH,1
1027,EYEBROW,2
1028,MASCARA#VERY,2
1029,WATERPROOF,2
1030,KAJAL,1
1031,PENCIL,3
1032,DEODORANT,43
1033,ON,8
1034,BAY,2
1035,RUM,1
1036,WILD,13
1037,BOURBON,3
1038,VETIVER,1
1039,ADVENTURE,1
1040,FOGG,1
1041,ENGAGE,4
1042,RAIN,1
1043,PLUS,4
1044,SHIELD,1
1045,COASTAL,1
1046,SANDALWOOD,2
1047,FIJI,2
1048,MARINARA,2
1049,UNSCENTED,3
1050,WOMEN,15
1051,OCEAN,5
1052,JASMINE,2
1053,YARDLEY,2
1054,HAIR,7
1055,HOLD,1
1056,SET,2
1057,STYLING,1
1058,HYDRATION,1
1059,DAMAGED,2
1060,HEAD#SHOULDERS,2
1061,SCALP,1
1062,CLOSE,1
1063,POWER,2
1064,PULP,9
1065,CALCIUM,3
1066,CARAMEL,10
1067,MACCHIA,1
1068,UNSWEETENED,11
1069,RAGE,1
1070,COCKTAIL,4
1071,MAID#MINUTE,5
1072,PUNCH,5
1073,BAKRI,1
1074,WAGH,1
1075,PROCESSED,10
1076,PANEER,5
1077,LACTOSE,5
1078,VARIANT,2
1079,GRATED,3
1080,PARMESAN,6
1081,AMUL#POWDER,5
1082,SKIMMED,3
1083,SHREDDED,18
1084,SHAVED,1
1085,DAIRY,26
1086,VEGAN,5
1087,SHARP,9
1088,TEXTURE,4
1089,COLBY,3
1090,WHIPPED,4
1091,DELUXE,1
1092,COTTAGE,9
1093,FULLY,7
1094,MATTE,9
1095,GINGERBREAD,2
1096,PEPPERMINT,2
1097,EGGNOG,4
1098,ALTERNATIVE,1
1099,OATLY,2
1100,DAHI,1
1101,KIDS,4
1102,MASTI,1
1103,TAAZA,3
1104,MILK,1
1105,MIST,1
1106,MOTHER,7
1107,ROTATIONAL,1
1108,SOFIT,4
1109,ENHANCER,3
1110,HERSHEY,5
1111,KOOL,1
1112,COW,3
1113,WINKIN,1
1114,CAVIN,1
1115,MILKSHAKE,2
1116,DIGEST,1
1117,EASY,5
1118,LIFE,2
1119,FILTERED,1
1120,HERITAGE,2
1121,PASTEURISED,4
1122,DIGESTIVE,1
1123,CHEESECAKE,2
1124,FED,5
1125,GRASS,1
1126,CHAMOMILE,1
1127,EGGS,23
1128,PEELED,2
1129,BOILED#HARD#SUGUNA,3
1130,EGGOZ,4
1131,CAGE,5
1132,PASTURE#RAISED,2
1133,MAKING,2
1134,BETTY#CROCKER,4
1135,PUDDING,12
1136,KHEER,2
1137,CRESCENT,1
1138,DOUGH,9
1139,OVEN,6
1140,SCRAMBLE,2
1141,MCCAIN,4
1142,CARTON,2
1143,PRESIDENT,2
1144,GOVARDHAN,1
1145,UNSALTED,6
1146,TUB,6
1147,COCOSUTRA,1
1148,GOBBLERIGHT,1
1149,NUTRALITE,3
1150,JAR,9
1151,ALPENLIEBE,1
1152,CREAMFILLS,1
1153,CENTRE,1
1154,BUTTON,2
1155,GEMS,1
1156,MENTOS,1
1157,SPEARMINT,1
1158,CHLORMINT,1
1159,LOZENGES,1
1160,REESE,1
1161,EXCELLENCE,1
1162,LINDT,1
1163,CHUPA,2
1164,LOLLIPOPS,1
1165,FANTASY,2
1166,FILLS,1
1167,SUNFEAST,5
1168,ICING,3
1169,STRIPES,1
1170,FARMLITE,1
1171,MAHAL#TAJ,2
1172,PRINGLES,1
1173,PINTOLA#WHOLEGRAIN,2
1174,PERI,1
1175,BREW,5
1176,JAVA,1
1177,MONSTER,3
1178,TEAFIT,1
1179,TEAME,1
1180,LIPTON,6
1181,LITRE,2
1182,PARRY,1
1183,EVOCUS,1
1184,KINLEY,1
1185,VEDICA,1
1186,COCOFIT,1
1187,SATTU,1
1188,FAST,2
1189,RELOAD,1
1190,ELECTRAL,3
1191,ORS,1
1192,PREDATOR,1
1193,FUEL,1
1194,REIGN,1
1195,INFUSED,1
1196,MIKES,1
1197,CHILI#HONEY,1
1198,APIS,1
1199,MYFITNESS,1
1200,HAZELNUT,1
1201,ALPINO,1
1202,JONES,1
1203,KETCHUP,3
1204,SMITH,1
1205,MERICAN,1
1206,SQUEEZE,5
1207,UNFOODS,1
1208,SIMMERED,1
1209,SLOW,1
1210,GRAVYMATTER,1
1211,MAGGI,1
1212,PROFESSIONAL,1
1213,SARAS,1
1214,VINEGAR,4
1215,WINE,4
1216,TOPS,3
1217,PONTI,1
1218,SUNDROP,1
1219,BY,1
1220,EGGLESS,3
1221,GRABENORD,1
1222,KEN,1
1223,NORTHERN,1
1224,RINGS,3
1225,DELMONTE,1
1226,RELISH,1
1227,PITTED,1
1228,SODA,1
1229,CLUB#SODA,1
1230,SCHWEPPES,1
1231,INDIAN#TONIC,2
1232,IMPERIAL,1
1233,DOKI,3
1234,JERKY,6
1235,GOCHUJANG,1
1236,TELLICHERRY,1
1237,SAMPANN,3
1238,FLAKES,1
1239,ORIKA,2
1240,ATA,1
1241,COARSE,1
1242,IODISED,1
1243,NATURELAND,1
1244,GRINDER,2
1245,MALABAR,1
1246,MCCORMICK,1
1247,PEPPERCORN,2
1248,MDH,1
1249,DALDA,1
1250,VANASPATI,1
1251,VIJAY,1
1252,FORTUNE,2
1253,CANOLA,1
1254,VIRGIN,2
1255,BETTER,1
1256,EVOO,1
1257,SIMPLY,3
1258,CHEFSPRAY,1
1259,HOFFMAN,1
1260,SUNFLOWER,1
1261,BAGRRY,1
1262,SO,1
1263,MILKLAB,1
1264,INSTANT#SKIMMED,2
1265,HOMOGENISED,2
1266,ARROWHEAD,1
1267,CORNMEAL,2
1268,MILLS,1
1269,ATTA,1
1270,DAIVIK,1
1271,MAIZE,1
1272,MAKKI,1
1273,PURPOSE,2
1274,UNBLEACHED,1
1275,HEMP,2
1276,FLAXSEED,1
1277,GRANULATED,2
1278,FINE,5
1279,MADHUR,2
1280,SACHETS,2
1281,LAKANTO,1
1282,POUCH,1
1283,AGAVE,2
1284,DATE,1
1285,NECTAR,4
1286,PANCAKE,4
1287,BARREL,1
1288,WAFFLE,2
1289,CHAI,1
1290,CONCENTRATE,2
1291,GIRNAR,1
1292,LATTE,2
1293,RECONSTITUTED,1
1294,LEMONADE,2
1295,COOLER,1
1296,RASNA,1
1297,MAPRO,3
1298,FUSION,1
1299,ARTICHOKE,2
1300,PETITE,1
1301,HALVES,4
1302,HEAVY,1
1303,VIENNA,1
1304,BAJA,1
1305,CHICKPEA,3
1306,HEINZ,3
1307,VEGETARIAN,3
1308,WITHOUT,3
1309,CONDENSED,4
1310,NISSIN,1
1311,RAMEN,1
1312,LENTIL,1
1313,SAFFOLA,2
1314,ENGLAND,1
1315,NEW,1
1316,ANGEL,2
1317,BAMBINO,5
1318,MEATLESS,1
1319,STREET,1
1320,CRUST,7
1321,PERSONAL,1
1322,BULDAK,1
1323,SAMYANG,1
1324,ICHIBAN,1
1325,SAPPORO,1
1326,LUPINI,1
1327,MEDITERRANEAN,3
1328,ZIYAD,1
1329,DOLMA,2
1330,GADRE,1
1331,PIKE,1
1332,PREPARATION,1
1333,WHITEFISH,1
1334,BURNING,1
1335,MEMORIAL,1
1336,YEHUDA,1
1337,BUCKWHEAT,1
1338,KASHA,1
1339,CARIBBEAN,1
1340,CHHOLE,1
1341,MTR,4
1342,PUNJABI,1
1343,PATAK,2
1344,SIMMER,1
1345,CHIP,1
1346,SUPERFOOD,1
1347,MILKMAID,2
1348,CREMA,2
1349,MEDIA,1
1350,CASERA,1
1351,PIN,1
1352,COOKED,1
1353,PINTOLA,2
1354,PRE,1
1355,CORNITOS,7
1356,KING,1
1357,FLUSHABLE#PEE#WIPES,3
1358,KITCHEN#TOWELS,3
1359,CELLO,2
1360,DESIGNER,1
1361,DISH,1
1362,PLATINUM,1
1363,POWERWASH,1
1364,LAUNDRY,1
1365,ACTIVE#MEE,1
1366,BLEACH,3
1367,DOMEX,2
1368,GHADI,1
1369,TRIPLE,1
1370,OXI,2
1371,VANISH,2
1372,REVIVE,1
1373,COLOUR,4
1374,UJALA,1
1375,PATE,1
1376,CHEESEBURGER,1
1377,TRAINING,3
1378,MEAT,1
1379,WHISKAS,3
1380,FORMULA,1
1381,SMORGASBORD,1
1382,VITAPOL,3
1383,CRITTER,1
1384,SUET,1
1385,JOY,1
1386,BRIQUETTES,1
1387,GRILLING,2
1388,LB,3
1389,PELLETS,5
1390,SELECT,9
1391,WOOD,3
1392,WEBER,1
1393,FLUID,1
1394,IGNITION,2
1395,STOVEKRAFT,1
1396,FIREPLACE,1
1397,ROYAL,1
1398,STARTER,2
1399,QUICK,2
1400,BURN#HOUR,3
1401,ECOFLAME#LOG,2
1402,DURAFLAME,1
1403,LOG,1
1404,BUNDLE,1
1405,FIREWOOD,1
1406,INDOOR,1
1407,OUTDOOR,2
1408,EZ,1
1409,REACH,1
1410,CRICKET#GAS#LIGHTER,3
1411,BOLD,1
1412,POCKET,1
1413,FLEXIBLE,1
1414,UTILITY,1
1415,HARD,1
1416,MORTON,1
1417,TREATMENT,1
1418,SURESOFT,1
1419,REMOVER,1
1420,SNOW,1
1421,MELT#SPLASH,2
1422,GRANULES,1
1423,PET,2
1424,SURFACES,1
1425,CERELAC,1
1426,NESTL,5
1427,TODDLERS,4
1428,SQUASH,1
1429,MELT,1
1430,FORMULA#INFANT#SIMILAC,3
1431,IRON,1
1432,ENFAGROW,2
1433,EXCEL,1
1434,NIDO,1
1435,BABIES,3
1436,PEDIALYTE,1
1437,FLUORIDE,2
1438,PURIFIED,3
1439,BURST,2
1440,KITCHEN,1
1441,WASTE,1
1442,FEED,1
1443,FOIL,1
1444,REYNOLDS,1
1445,SQUARE,2
1446,STIR,2
1447,YOLK,1
1448,RIGATONI,1
1449,EL,1
1450,OLD,1
1451,PASO,1
1452,DEVOTIONAL,2
1453,GUADALUPE,1
1454,VIRGEN,1
1455,CANDLE#WAX,3
1456,JUDE#ST,2
1457,MIRACLE,1
1458,TEPEYAC,1
1459,REFRIED#ROSARITA,3
1460,BADIA,1
1461,SOLO,1
1462,KLEENEX,1
1463,UPRIGHT,1
1464,POWERBALL,1
1465,ARM#HAMMER,2
1466,BONUS,1
1467,SUPREME,2
1468,FEAST,1
1469,LOVERS,1
1470,PURINA,5
1471,FRISKIES,2
1472,WILDERNESS,1
1473,DELECTABLES,1
1474,HARTZ,1
1475,YUMM,1
1476,TEMPTATIONS,1
1477,CATS#TIDY,2
1478,SCOOPABLE,1
1479,FUN,2
1480,N,2
1481,CHEF,3
1482,WRAPPED,2
1483,PADS,1
1484,HEFTY,1
1485,VACUUM,2
1486,ZIPLOC,1
1487,RANA,2
1488,MOUNT,1
1489,SOPPRESSATA,1
1490,ANTIPASTO,1
1491,SELECTION,1
1492,TRIO,1
1493,VERONI,1
1494,CARAMELIZED,1
1495,KAUKAUNA,1
1496,EIFFEL,1
1497,ROUNDS,1
1498,TOWER,1
1499,PRIMO,1
1500,TAGLIO,1
1501,SLAW,1
1502,SUMMER,1
1503,GERRY,2
1504,MRS,2
1505,BOWTIE,1
1506,SELF,3
1507,ROTELLI,1
1508,DEVILED,1
1509,SIGNATURE,15
1510,STONEFIRE,2
1511,CLUB,1
1512,CROISSANT,2
1513,RESTAURANT,1
1514,FUJI,1
1515,PLANTAIN,1
1516,ECONOMY,1
1517,HONEYDEW#MELON,3
1518,CLAMSHELL,2
1519,POMEGRANATES,2
1520,CHERIMOYA,1
1521,PINKGLOW,1
1522,RAINIER,3
1523,CHRISTOPHER,2
1524,WORLD,4
1525,ELEPHANT,1
1526,ROMAINE,1
1527,SUNDRIED,1
1528,ASPARAGUS,5
1529,CROWNS,1
1530,SAVOY,1
1531,TOMATILLOS,1
1532,DAIKON,1
1533,OYSTER,1
1534,CRIMINI,1
1535,BHAVNAGRI,1
1536,KADDU,1
1537,COLESLAW,2
1538,ARUGULA,1
1539,MEDLEY,2
1540,FLORETS,2
1541,ARILS,1
1542,WONDERFUL,1
1543,PISTACHIOS#SHELL,2
1544,VEGGIE,1
1545,MAID,1
1546,PRUNES,1
1547,SUNSWEET,1
1548,MOMOS,1
1549,HOME,1
1550,BOMBUCHA,1
1551,GM,1
1552,COMPANY,1
1553,FERMENTED,1
1554,KIMCHI,1
1555,NATA,1
1556,BLAST,1
1557,INDYA,1
1558,CROSTINI,1
1559,SORRENTINA,1
1560,ISLAND,1
1561,THOUSAND,1
1562,SICILIA,1
1563,BAKER,11
1564,CANDIED,1
1565,PEE,1
1566,DEBBIE,2
1567,MAD#OVER,4
1568,DOZEN,6
1569,THEOBROMA,1
1570,RYE,2
1571,LAVA,1
1572,CHOCOBAKES,2
1573,LAYERED,1
1574,TERIYAKI,4
1575,KABAB,1
1576,KALBI,1
1577,CHINESE,1
1578,POUND,1
1579,SEMI,1
1580,CENTER,1
1581,MONTEREY,1
1582,CORNISH,2
1583,DUCK,1
1584,BISON,2
1585,ELK,2
1586,STEW,1
1587,TAVERN,1
1588,ROPE,1
1589,FRANKS,5
1590,CHORIZO,1
1591,THAI,1
1592,CILANTRO,1
1593,FRIED,1
1594,BATTERED,1
1595,RUB,1
1596,SCALLOPED,1
1597,B,1
1598,GRADE,1
1599,RANGE,2
1600,OMEGA,2
1601,SOY,1
1602,DHA,1
1603,CURD,1
1604,MONTHS,1
1605,FLIP,1
1606,QUESADILLA,1
1607,MELTING,1
1608,CRUMBLED,1
1609,FEET,1
1610,RANCHERO,1
1611,TAPIOCA,2
1612,COBBLER,1
1613,ITC,1
1614,SPREADABLE,1
1615,KOSHER,3
1616,PRIYA,2
1617,SOME,2
1618,STARBUCKS,1
1619,CAFE,1
1620,BRAZILIAN,1
1621,DEPOSIT,1
1622,PEAR,1
1623,BASMATI,1
1624,GATE,1
1625,DAAWAT,1
1626,QUINOA,1
1627,BIRTHDAY,1
1628,YOGABAR,1
1629,BERRIES,1
1630,FUIT,1
1631,ROLLUPS,1
1632,GRAHAM,1
1633,KEEBLER,1
1634,FLAVOURED,1
1635,FUDGE,2
1636,KWALITY,1
1637,WALL,1
1638,CONES,2
1639,VADILAL,2
1640,FROSTING,2
1641,MASON,1
1642,SPRINKLES,3
1643,WITCHES,1
1644,JIMMIES,1
1645,PURAMATE,1
1646,RAINBOW,1
1647,THEME,1
1648,WINTER,1
1649,CARBONARA,1
1650,EVAPORATED,1
1651,ESSENCE,2
1652,AJANTA,2
1653,CREOLE,1
1654,GHEE,1
1655,UNFILTERED,1
1656,SOLID,1
1657,SPAGHETTI,1
1658,ALPHABET,1
1659,MALA,1
1660,SOUTHERN,1
1661,COCA,1
1662,BEER,1
1663,SOSYO,1
1664,MELON,1
1665,QUESO,1
1666,MICROWAVE,1
1667,MOVIE,1
1668,MOUNTAIN,1
1669,KODAI,1
