word,base_word
unibic,unibic
cranberry,cranberry
almond,almond
cookies,cooky
gram,gram
pack,pack
britannia,britannia
good,good
day,day
creamy,creamy
butter,butter
cashew,cashew
little,little
hearts,heart
ritz,ritz
original,original
crackers,cracker
pepperidge,pepperidge
farm,farm
goldfish,goldfish
pizza,pizza
quaker,quaker
corn,corn
cakes,cake
flavour,flavour
nutter,nutter
peanut,peanut
sandwich,sandwich
classic,classic
bisleri,bisleri
packaged,package
drinking,drink
water,water
bottle,bottle
himalayan,himalayan
natural,natural
mineral,mineral
alkaline,alkaline
sleepy,sleepy
owl,owl
double,double
shot,shoot
espresso,espresso
ready,ready
drink,drink
coffee,coffee
red,red
bull,bull
sugar,sugar
free,free
energy,energy
low,low
calorie,calorie
beverage,beverage
paper,paper
boat,boat
strawberry,strawberry
lemonade,lemonade
flavoured,flavour
refreshing,refresh
cosmic,cosmic
functional,functional
gatorade,gatorade
lemon,lemon
sports,sport
electrolyte,electrolyte
tata,tata
tea,tea
gold,gold
sweet,sweet
iced,ice
zero,zero
green,green
blueberry,blueberry
diet,diet
lipton,lipton
peach,peach
sweetened,sweeten
dabur,dabur
organic,organic
honey,honey
pure,pure
sweetener,sweetener
kissan,kissan
jam,jam
fruit,fruit
spread,spread
mantra,mantra
veeba,veeba
chipotle,chipotle
sauce,sauce
smoky,smoky
spicy,spicy
chilli,chilli
liquid,liquid
smoke,smoke
hickory,hickory
cooking,cook
marinade,marinade
keya,keya
taco,taco
seasoning,season
mix,mix
gluten,gluten
spice,spice
blend,blend
habanero,habanero
extra,extra
hot,hot
stone,stone
ground,grind
mustard,mustard
with,with
horseradish,horseradish
thick,thick
and,and
hearty,hearty
steak,steak
rich,rich
ranch,ranch
dip,dip
mayonnaise,mayonnaise
lime,lime
dressing,dress
borges,borges
croutons,crouton
caesar,caesar
cheese,cheese
sliced,slice
jalapeno,jalapeno
peppers,pepper
pickled,pickle
vegetable,vegetable
diced,dice
pimento,pimento
mild,mild
okra,okra
tangy,tangy
preserved,preserve
del,del
monte,monte
baby,baby
dill,dill
pickles,pickle
crunchy,crunchy
cucumbers,cucumber
deli,deli
style,style
sparkling,sparkle
berry,berry
coke,coke
soft,soft
fridge,fridge
cans,can
cola,cola
vanilla,vanilla
pepsi,pepsi
carbonated,carbonate
can,can
lay,lay
potato,potato
chips,chip
sea,sea
salt,salt
too,too
yumm,yumm
puff,puff
act,act
popcorn,popcorn
kettle,kettle
sour,sour
cream,cream
onion,onion
kurkure,kurkure
snack,snack
masala,masala
wavy,wavy
doritos,doritos
tortilla,tortilla
scoops,scoop
strips,strip
happilo,happilo
almonds,almond
mexican,mexican
cashews,cashew
salted,salt
haldiram,haldiram
peanuts,peanut
roasted,roast
smoked,smoke
kernels,kernel
white,white
pearl,pearl
couscous,couscous
cajun,cajun
brown,brown
rice,rice
ritebite,ritebite
max,max
protein,protein
nut,nut
bar,bar
salty,salty
yoga,yoga
fig,fig
fibre,fibre
kelloggs,kellogg
nutri,nutri
grain,grain
breakfast,breakfast
rolls,roll
mixed,mix
instant,instant
oats,oat
regular,regular
plain,plain
high,high
special,special
multigrain,multigrain
cereal,cereal
muesli,muesli
seeds,seed
froot,froot
loops,loop
cup,cup
weikfield,weikfield
custard,custard
powder,powder
dessert,dessert
hersheys,hershey
butterscotch,butterscotch
syrup,syrup
for,for
ice,ice
desserts,dessert
blue,blue
bird,bird
dry,dry
yeast,yeast
baking,bake
ingredient,ingredient
pillsbury,pillsbury
apple,apple
cinnamon,cinnamon
muffin,muffin
bake,bake
cadbury,cadbury
cocoa,cocoa
marshmallow,marshmallow
cornbread,cornbread
chocolate,chocolate
chip,chip
everest,everest
toasted,toast
sesame,sesame
premium,premium
refined,refine
coconut,coconut
oil,oil
aashirvaad,aashirvaad
wheat,wheat
flour,flour
dhampure,dhampure
raw,raw
unrefined,unrefined
india,india
herbal,herbal
calm,calm
relaxation,relaxation
bru,bru
french,french
roast,roast
strong,strong
aroma,aroma
house,house
continental,continental
toffee,toffee
pods,pod
blonde,blonde
cappuccino,cappuccino
donut,donut
shop,shop
dark,dark
colombia,colombia
tokai,tokai
guatemalan,guatemalan
mocha,mocha
taste,taste
based,base
canister,canister
mint,mint
amul,amul
uht,uht
milk,milk
real,real
raspberry,raspberry
juice,juice
activ,activ
sodium,sodium
pear,pear
nestle,nestle
fat,fat
penne,penne
rigate,rigate
pasta,pasta
durum,durum
tomato,tomato
pesto,pesto
basil,basil
navneet,navneet
writing,write
notebook,notebook
primary,primary
casio,casio
calculator,calculator
basic,basic
kangaro,kangaro
clips,clip
jumbo,jumbo
john,john
west,west
tuna,tuna
chunks,chunk
light,light
stanley,stanley
leather,leather
gloves,glove
large,large
origami,origami
foam,foam
cups,cup
ounce,ounce
disposable,disposable
ultra,ultra
facial,facial
tissue,tissue
box,box
pulls,pull
clear,clear
plastic,plastic
recyclable,recyclable
party,party
plates,plate
inch,inch
use,use
goodknight,goodknight
ant,ant
bait,bait
trap,trap
effective,effective
pest,pest
control,control
solution,solution
knorr,knorr
mushroom,mushroom
soup,soup
base,base
chicken,chicken
broth,broth
reduced,reduce
aseptic,aseptic
stock,stock
serve,serve
noodle,noodle
cook,cook
deposit,deposit
charge,charge
single,single
unit,unit
non,non
food,food
service,service
grocery,grocery
discount,discount
coupon,coupon
digital,digital
redemption,redemption
code,code
offer,offer
purepet,purepet
wet,wet
cat,cat
savic,savic
multi,multi
clumping,clump
litter,litter
fresh,fresh
fragrance,fragrance
drools,drool
seafood,seafood
treats,treat
pedigree,pedigree
adult,adult
dog,dog
salmon,salmon
proactive,proactive
health,health
mini,mini
himalaya,himalaya
stain,stain
odour,odour
remover,remover
cleaning,clean
spray,spray
kitten,kitten
variety,variety
gravy,gravy
quality,quality
recipe,recipe
vim,vim
dishwasher,dishwasher
gel,gel
detergent,detergent
automatic,automatic
machines,machine
finish,finish
rinse,rinse
aid,aid
all,all
one,one
tablets,tablet
scent,scent
comfort,comfort
fabric,fabric
softener,softener
dryer,dryer
sheets,sheet
surf,surf
excel,excel
machine,machine
wash,wash
heavy,heavy
duty,duty
pigeon,pigeon
slider,slider
freezer,freezer
storage,storage
bags,bag
quart,quart
size,size
gallon,gallon
airtight,airtight
prestige,prestige
aluminium,aluminium
roaster,roaster
pan,pan
stick,stick
loaf,loaf
godrej,godrej
aer,aer
air,air
freshener,freshener
refill,refill
tropical,tropical
dettol,dettol
disinfectant,disinfectant
milton,milton
plug,plug
lavender,lavender
odonil,odonil
block,block
lizol,lizol
floor,floor
cleaner,cleaner
gala,gala
garbage,garbage
scotch,scotch
brite,brite
scrub,scrub
sponge,sponge
optimum,optimum
nutrition,nutrition
standard,standard
whey,whey
ensure,ensure
shake,shake
watermelon,watermelon
granola,granola
urban,urban
platter,platter
polenta,polenta
hommade,hommade
ching,ching
chow,chow
mein,mein
noodles,noodle
chestnuts,chestnut
cheetos,cheetos
mac,mac
flamin,flamin
kraft,kraft
cheesy,cheesy
shells,shell
moksh,moksh
jesus,jesus
prayer,prayer
candle,candle
refried,refried
beans,bean
wingreens,wingreens
bean,bean
fiery,fiery
farms,farm
southwest,southwest
enchilada,enchilada
catch,catch
whole,whole
rajma,rajma
baked,bake
prasuma,prasuma
eat,eat
ravioli,ravioli
tattva,tattva
kabuli,kabuli
chana,chana
slurrp,slurrp
puree,puree
pouch,pouch
yummiez,yummiez
potstickers,potstickers
frozen,freeze
italian,italian
meatballs,meatball
burger,burger
patty,patty
juicy,juicy
venky,venky
nuggets,nugget
crispy,crispy
itc,itc
master,master
chef,chef
fingers,finger
meal,meal
dogs,dog
pretzel,pretzel
bite,bite
homestyle,homestyle
bites,bite
buffalo,buffalo
boneless,boneless
fry,fry
fully,fully
cooked,cook
patties,patty
heat,heat
wings,wing
fryer,fryer
orange,orange
pot,pot
pie,pie
loaded,load
cordon,cordon
bleu,bleu
stuffed,stuff
cutlets,cutlet
breast,breast
cheddar,cheddar
sliders,slider
gourmet,gourmet
spices,spice
licious,licious
tandoori,tandoori
marinated,marinate
cuts,cut
lamb,lamb
leg,leg
short,short
cut,cut
tender,tender
meat,meat
empanada,empanada
back,back
ribs,rib
kabobs,kabob
vegetables,vegetable
skewers,skewer
country,country
sausage,sausage
spiced,spice
links,link
paprika,paprika
goat,goat
belly,belly
skinless,skinless
hand,hand
trimmed,trim
thin,thin
neck,neck
bones,bone
traditional,traditional
ham,ham
quarter,quarter
glazed,glaze
half,half
spiral,spiral
sticks,stick
stomach,stomach
gizzard,gizzard
marrow,marrow
liver,liver
organ,organ
asian,asian
salad,salad
kit,kit
freshly,freshly
prepared,prepare
salami,salami
mozzarella,mozzarella
stackers,stacker
nachos,nacho
pepperoni,pepperoni
cracker,cracker
pieces,piece
thigh,thigh
bacon,bacon
slices,slice
applewood,applewood
pepper,pepper
ends,end
uncured,uncured
mince,mince
keema,keema
rib,rib
chops,chop
cubes,cube
tenderloins,tenderloin
burnt,burn
kansas,kansa
bbq,bbq
carnitas,carnitas
thighs,thigh
korean,korean
chile,chile
verde,verde
pulled,pull
mashed,mash
potatoes,potato
family,family
black,black
garlic,garlic
rosemary,rosemary
seekh,seekh
kebab,kebab
tikka,tikka
malai,malai
mutton,mutton
curry,curry
freshtohome,freshtohome
sausages,sausage
tenderloin,tenderloin
piece,piece
satay,satay
fillet,fillet
small,small
drumstick,drumstick
barbecue,barbecue
fish,fish
gooddot,gooddot
veg,veg
plant,plant
zorabian,zorabian
bone,bone
winglets,winglets
drumsticks,drumstick
value,value
fresho,fresho
meatigo,meatigo
bratwurst,bratwurst
peri,peri
tendercuts,tendercuts
modern,modern
pumpkin,pumpkin
bagels,bagel
bread,bread
swirl,swirl
everything,everything
savoury,savoury
schar,schar
hawaiian,hawaiian
english,english
muffins,muffin
raisin,raisin
sourdough,sourdough
keto,keto
carb,carb
harvest,harvest
texas,texas
toast,toast
seasonal,seasonal
cracked,crack
rustic,rustic
percent,percent
healthy,healthy
daily,daily
seeded,seed
multiseed,multiseed
sprouted,sprout
brioche,brioche
smooth,smooth
bakery,bakery
buns,bun
dinner,dinner
seasoned,season
salads,salad
pub,pub
hamburger,hamburger
ciabatta,ciabatta
flat,flat
pita,pita
flatbread,flatbread
wraps,wrap
thins,thin
breadsticks,breadstick
assorted,assort
filled,fill
bundt,bundt
festive,festive
cupcakes,cupcake
monginis,monginis
cake,cake
multipack,multipack
oatmeal,oatmeal
bars,bar
roll,roll
swiss,swiss
brownie,brownie
candy,candy
toppings,top
balls,ball
cookie,cookie
puffs,puff
donuts,donut
wafer,wafer
drizzle,drizzle
coated,coat
cherry,cherry
blackberry,blackberry
frosted,frost
powdered,powder
danish,danish
pastry,pastry
claw,claw
cider,cider
old,old
fashioned,fashion
buttermilk,buttermilk
bun,bun
apples,apple
granny,granny
smith,smith
crisp,crisp
pink,pink
lady,lady
sweetango,sweetango
opal,opal
fancy,fancy
european,european
lucy,lucy
glo,glo
autumn,autumn
glory,glory
sugarbee,sugarbee
naturally,naturally
delicious,delicious
hass,hass
avocado,avocado
reliance,reliance
medium,medium
raspberries,raspberry
strawberries,strawberry
nutraj,nutraj
dried,dry
cranberries,cranberry
blueberries,blueberry
lemons,lemon
seedless,seedless
navel,navel
oranges,orange
bulk,bulk
cara,cara
grapefruit,grapefruit
cotton,cotton
grapes,grape
moon,moon
drop,drop
bartlett,bartlett
pears,pear
loose,loose
bosc,bosc
anjou,anjou
yellow,yellow
plums,plum
apricots,apricot
peaches,peach
dragon,dragon
exotic,exotic
nutrients,nutrient
alphanso,alphanso
mango,mango
imported,import
kiwi,kiwi
cherries,cherry
beetroot,beetroot
cabbage,cabbage
gourd,gourd
celery,celery
stalk,stalk
carrot,carrot
bunch,bunch
spring,spring
spinach,spinach
leaves,leaf
bulbs,bulb
produce,produce
long,long
cucumber,cucumber
leaf,leaf
lettuce,lettuce
iceberg,iceberg
leafy,leafy
radish,radish
root,root
sun,sun
tomatoes,tomato
bok,bok
choy,choy
greens,green
herb,herb
paste,paste
lightly,lightly
coriander,coriander
parsley,parsley
aromatic,aromatic
curly,curly
sage,sage
bella,bella
mushrooms,mushroom
portobello,portobello
onions,onion
bell,bell
grown,grow
hydroponic,hydroponic
greenhouse,greenhouse
anaheim,anaheim
poblano,poblano
serrano,serrano
purple,purple
golden,golden
warted,warted
decorative,decorative
nutritious,nutritious
vine,vine
ripe,ripe
cluster,cluster
harvested,harvest
bowl,bowl
super,super
brussels,brussels
sprouts,sprout
broccoli,broccoli
added,add
pecans,pecan
prov,prov
turkish,turkish
open,open
secret,secret
rostaa,rostaa
trail,trail
rocky,rocky
road,road
farmley,farmley
soklet,soklet
california,california
walnut,walnut
snackible,snackible
yogurt,yogurt
pretzels,pretzel
nutty,nutty
gritties,gritties
cauliflower,cauliflower
butternut,butternut
squash,squash
cantaloupe,cantaloupe
pineapple,pineapple
pressery,pressery
ginger,ginger
wellness,wellness
kapiva,kapiva
immunity,immunity
cayenne,cayenne
booster,booster
grape,grape
happybooch,happybooch
kombucha,kombucha
atmosphere,atmosphere
passion,passion
citrus,citrus
banana,banana
poppy,poppy
seed,seed
oetker,oetker
funfoods,funfoods
mayo,mayo
balsamic,balsamic
vinaigrette,vinaigrette
cremica,cremica
gnoccheria,gnoccheria
gnocchi,gnocchi
acasa,acasa
stylpasta,stylpasta
ricotta,ricotta
popo,popo
culinaria,culinaria
tortellini,tortellini
disano,disano
fusilli,fusilli
fettuccine,fettuccine
linguine,linguine
alfredo,alfredo
marinara,marinara
milano,milano
cold,cold
forest,forest
grilled,grill
cured,cure
maple,maple
combo,combo
havarti,havarti
jack,jack
provolone,provolone
string,string
camembert,camembert
brie,brie
chunk,chunk
gouda,gouda
wedges,wedge
aged,age
epigamia,epigamia
rotini,rotini
three,three
kale,kale
tuscan,tuscan
jellice,jellice
jelly,jelly
crystals,crystal
smoor,smoor
mousse,mousse
herbed,herbed
noto,noto
baskin,baskin
robbins,robbins
pistachio,pistachio
shrikhand,shrikhand
creambell,creambell
russian,russian
macaroni,macaroni
garden,garden
filling,fill
american,american
naan,naan
dippers,dipper
crisps,crisp
tray,tray
baguette,baguette
tasty,tasty
nibbles,nibble
biscuit,biscuit
kellogg,kellogg
ghost,ghost
mexicali,mexicali
guacamole,guacamole
hummus,hummus
capsicum,capsicum
salsa,salsa
kalamata,kalamata
olives,olive
figaro,figaro
pravin,pravin
pickle,pickle
neo,neo
bingo,bingo
bruschetta,bruschetta
sauerkraut,sauerkraut
spears,spear
gherkins,gherkin
store,store
sensodyne,sensodyne
pronamel,pronamel
toothpaste,toothpaste
intensive,intensive
enamel,enamel
repair,repair
sensitive,sensitive
teeth,teeth
protection,protection
wave,wave
care,care
gentle,gentle
whitening,whiten
action,action
parodontax,parodontax
colgate,colgate
total,total
deep,deep
clean,clean
visible,visible
twin,twin
sensitivity,sensitivity
gum,gum
protect,protect
complete,complete
active,active
charcoal,charcoal
lip,lip
balm,balm
boroline,boroline
antiseptic,antiseptic
nivea,nivea
chyawanprash,chyawanprash
gummies,gummies
gillette,gillette
skin,skin
shaving,shave
aloe,aloe
moisturizing,moisturize
park,park
avenue,avenue
tree,tree
vera,vera
cedarwood,cedarwood
shea,shea
khadi,khadi
bath,bath
patanjali,patanjali
soulflower,soulflower
eucalyptus,eucalyptus
sleep,sleep
therapy,therapy
stress,stress
relief,relief
aromahpure,aromahpure
bubble,bubble
relaxing,relax
the,the
love,love
elderberry,elderberry
dove,dive
men,men
body,body
impact,impact
shower,shower
deeply,deeply
nourishing,nourish
jojoba,jojoba
lifebuoy,lifebuoy
sanitizer,sanitizer
pump,pump
parachute,parachute
advanced,advance
vaseline,vaseline
lotion,lotion
fruity,fruity
shine,shine
spf,spf
lakme,lakme
neutrogena,neutrogena
sheer,sheer
sunscreen,sunscreen
moisture,moisture
lotus,lotus
herbals,herbal
safe,safe
sport,sport
cetaphil,cetaphil
moisturising,moisturise
cleanser,cleanser
hydro,hydro
boost,boost
carbamide,carbamide
forte,forte
vitamin,vitamin
softgel,softgel
capsules,capsule
probiotic,probiotic
strain,strain
melatonin,melatonin
healthkart,healthkart
softgels,softgels
shampoo,shampoo
conditioner,conditioner
diaper,diaper
rash,rash
purifying,purify
neem,neem
face,face
maybelline,maybelline
fit,fit
foundation,foundation
lakm,lakm
invisible,invisible
ivory,ivory
cosmetics,cosmetic
makeup,makeup
oak,oak
faces,face
canada,canada
beige,beige
highlighter,highlighter
dew,dew
frost,frost
tan,tan
colorbar,colorbar
bisque,bisque
nude,nude
floral,floral
tone,tone
porcelain,porcelain
perfect,perfect
enrich,enrich
matte,matte
lipstick,lipstick
violet,violet
liner,liner
lumber,lumber
partner,partner
new,new
york,york
crave,crave
rosewood,rosewood
spellbound,spellbind
lit,light
fire,fire
dulce,dulce
leche,leche
sweetheart,sweetheart
blush,blush
garnet,garnet
scarlet,scarlet
sienna,sienna
romance,romance
mauve,mauve
nail,nail
color,color
rose,rise
dawn,dawn
lacquer,lacquer
cozumelted,cozumelted
nola,nola
way,way
aurora,aurora
big,big
don,don
bossa,bossa
nova,nova
eyeliner,eyeliner
felt,felt
tip,tip
eyebrow,eyebrow
ash,ash
mascara,mascara
very,very
waterproof,waterproof
kajal,kajal
pencil,pencil
deodorant,deodorant
crystal,crystal
wild,wild
bay,bay
rum,rum
bourbon,bourbon
vetiver,vetiver
cool,cool
fogg,fogg
adventure,adventure
engage,engage
rain,rain
plus,plus
shield,shield
coastal,coastal
sandalwood,sandalwood
fiji,fiji
mandarin,mandarin
unscented,unscented
pac,pac
women,woman
ocean,ocean
jasmine,jasmine
yardley,yardley
set,set
hair,hair
styling,style
hold,hold
hydration,hydration
head,head
shoulders,shoulder
damaged,damage
oily,oily
scalp,scalp
close,close
power,power
pulp,pulp
calcium,calcium
caramel,caramel
macchiato,macchiato
unsweetened,unsweetened
rage,rage
concord,concord
cocktail,cocktail
minute,minute
maid,maid
punch,punch
chilled,chill
wagh,wagh
bakri,bakri
processed,process
paneer,paneer
lactose,lactose
variant,variant
grated,grate
parmesan,parmesan
part,part
skimmed,skim
shredded,shred
shaved,shave
vegan,vegan
shreds,shred
dairy,dairy
skim,skim
sharp,sharp
texture,texture
colby,colby
whipped,whip
deluxe,deluxe
full,full
cottage,cottage
mate,mate
creamer,creamer
gingerbread,gingerbread
peppermint,peppermint
eggnog,eggnog
oatly,oatly
oat,oat
alternative,alternative
greek,greek
masti,masti
dahi,dahi
kids,kid
taaza,taaza
topping,top
milky,milky
mist,mist
mother,mother
rotational,rotational
sofit,sofit
hershey,hershey
enhancer,enhancer
kool,kool
winkin,winkin
cow,cow
cavin,cavin
milkshake,milkshake
easy,easy
digest,digest
toned,tone
life,life
filtered,filter
heritage,heritage
pasteurised,pasteurise
digestive,digestive
cheesecake,cheesecake
key,key
flavours,flavour
grass,grass
fed,feed
chamomile,chamomile
container,container
suguna,suguna
hard,hard
boiled,boil
eggs,egg
peeled,peel
eggoz,eggoz
egg,egg
bagel,bagel
cage,cage
whites,white
pasture,pasture
raised,raise
betty,betty
crocker,crocker
making,make
pudding,pudding
flan,flan
drym,drym
foods,food
kheer,kheer
crescent,crescent
dough,dough
sheet,sheet
oven,oven
scramble,scramble
mccain,mccain
hash,hash
browns,brown
president,president
carton,carton
govardhan,govardhan
unsalted,unsalted
tub,tub
cocosutra,cocosutra
gobbleright,gobbleright
premix,premix
nutralite,nutralite
jar,jar
alpenliebe,alpenliebe
creamfills,creamfills
pulse,pulse
centre,centre
gems,gem
button,button
mentos,mentos
spearmint,spearmint
chlormint,chlormint
lozenges,lozenge
reese,reese
lindt,lindt
excellence,excellence
intense,intense
chupa,chupa
chups,chups
lollipops,lollipop
sunfeast,sunfeast
fantasy,fantasy
choco,choco
fills,fill
treat,treat
wafers,wafer
icing,ice
stripes,stripe
farmlite,farmlite
taj,taj
mahal,mahal
biscuits,biscuit
pringles,pringles
pintola,pintola
wholegrain,wholegrain
brew,brew
monster,monster
java,java
teafit,teafit
teame,teame
litre,litre
parry,parry
evocus,evocus
kinley,kinley
vedica,vedica
cocofit,cocofit
sattu,sattu
fast,fast
reload,reload
electrolytes,electrolyte
electral,electral
predator,predator
reign,reign
fuel,fuel
mikes,mike
infused,infuse
chili,chili
apis,apis
myfitness,myfitness
hazelnut,hazelnut
alpino,alpino
jones,jones
ketchup,ketchup
merican,merican
squeeze,squeeze
unfoods,unfoods
barbeque,barbeque
slow,slow
simmered,simmer
gravymatter,gravymatter
maggi,maggi
professional,professional
saras,saras
wine,wine
vinegar,vinegar
tops,top
ponti,ponti
sundrop,sundrop
eggless,eggless
squeezy,squeezy
grabenord,grabenord
ken,ken
lite,lite
northern,northern
rings,ring
delmonte,delmonte
relish,relish
pitted,pit
fanta,fanta
soda,soda
club,club
schweppes,schweppes
indian,indian
tonic,tonic
east,east
imperial,imperial
doki,doki
smokey,smokey
jerky,jerky
gochujang,gochujang
tellicherry,tellicherry
sampann,sampann
flakes,flake
orika,orika
ata,ata
coarse,coarse
rock,rock
natureland,natureland
organics,organic
iodised,iodise
malabar,malabar
grinder,grinder
mccormick,mccormick
peppercorn,peppercorn
mdh,mdh
dalda,dalda
vanaspati,vanaspati
margarine,margarine
vijay,vijay
fortune,fortune
canola,canola
virgin,virgin
simply,simply
better,better
evoo,evoo
chefspray,chefspray
hoffman,hoffman
sunflower,sunflower
bagrry,bagrry
milklab,milklab
homogenised,homogenise
arrowhead,arrowhead
mills,mill
cornmeal,cornmeal
daivik,daivik
maize,maize
makki,makki
atta,atta
taru,taru
purpose,purpose
unbleached,unbleached
hemp,hemp
flaxseed,flaxseed
cane,cane
granulated,granulate
madhur,madhur
fine,fine
natura,natura
sachets,sachet
lakanto,lakanto
monk,monk
agave,agave
date,date
nectar,nectar
pancake,pancake
barrel,barrel
waffle,waffle
girnar,girnar
chai,chai
latte,latte
concentrate,concentrate
reconstituted,reconstitute
cooler,cooler
rasna,rasna
mapro,mapro
fusion,fusion
artichoke,artichoke
petite,petite
apricot,apricot
halves,half
jellied,jelly
vienna,vienna
baja,baja
chickpea,chickpea
heinz,heinz
vegetarian,vegetarian
without,without
condensed,condense
nissin,nissin
top,top
ramen,ramen
saffola,saffola
lentil,lentil
england,england
clam,clam
bambino,bambino
angel,angel
meatless,meatless
street,street
crust,crust
personal,personal
samyang,samyang
buldak,buldak
carbonara,carbonara
sapporo,sapporo
ichiban,ichiban
ziyad,ziyad
lupini,lupini
mediterranean,mediterranean
dolma,dolma
dolmas,dolmas
gadre,gadre
whitefish,whitefish
pike,pike
preparation,preparation
yehuda,yehuda
memorial,memorial
burning,burn
buckwheat,buckwheat
kasha,kasha
jerk,jerk
caribbean,caribbean
mtr,mtr
punjabi,punjabi
chhole,chhole
patak,patak
simmer,simmer
chia,chia
superfood,superfood
chillies,chilli
milkmaid,milkmaid
media,medium
crema,crema
chunky,chunky
casera,casera
chickpeas,chickpea
pinto,pinto
pre,pre
cornitos,cornitos
tortillas,tortilla
king,king
pee,pee
flushable,flushable
wipes,wipe
kitchen,kitchen
towels,towel
cello,cello
designer,designer
bowls,bowl
cutlery,cutlery
platinum,platinum
powerwash,powerwash
dish,dish
dishwash,dishwash
mee,mee
laundry,laundry
domex,domex
bleach,bleach
linen,linen
ghadi,ghadi
triple,triple
vanish,vanish
oxi,oxi
revive,revive
whitener,whitener
ujala,ujala
colour,colour
pate,pate
cheeseburger,cheeseburger
training,train
snacks,snack
meaty,meaty
whiskas,whiskas
formula,formula
vitapol,vitapol
feed,fee
smorgasbord,smorgasbord
critter,critter
crunch,crunch
suet,suet
birds,bird
joy,joy
briquettes,briquette
grilling,grill
select,select
wood,wood
pellets,pellet
weber,weber
grills,grill
stovekraft,stovekraft
lighter,lighter
fluid,fluid
ignition,ignition
royal,royal
starter,starter
fireplace,fireplace
blocks,block
quick,quick
ecoflame,ecoflame
log,log
hour,hour
burn,burn
duraflame,duraflame
logs,log
firewood,firewood
bundle,bundle
indoor,indoor
outdoor,outdoor
cricket,cricket
reach,reach
gas,gas
bold,bold
pocket,pocket
flexible,flexible
utility,utility
morton,morton
treatment,treatment
suresoft,suresoft
splash,splash
melt,melt
snow,snow
removal,removal
pet,pet
granules,granule
surfaces,surface
nestl,nestl
cerelac,cerelac
toddlers,toddler
melts,melt
similac,similac
infant,infant
iron,iron
enfagrow,enfagrow
ease,ease
toddler,toddler
nido,nido
excella,excella
babies,baby
pedialyte,pedialyte
purified,purify
fluoride,fluoride
burst,burst
tall,tall
waste,waste
reynolds,reynolds
foil,foil
square,square
feet,foot
stir,stir
yolk,yolk
rigatoni,rigatoni
paso,paso
devotional,devotional
wax,wax
virgen,virgen
guadalupe,guadalupe
jude,jude
scented,scent
miracle,miracle
tepeyac,tepeyac
rosarita,rosarita
badia,badia
solo,solo
kleenex,kleenex
upright,upright
cube,cube
powerball,powerball
count,count
arm,arm
hammer,hammer
bonus,bonus
supreme,supreme
purina,purina
feast,feast
lovers,lover
friskies,friskies
savory,savory
wilderness,wilderness
hartz,hartz
delectables,delectables
yums,yums
temptations,temptation
tidy,tidy
cats,cat
scoopable,scoopable
fun,fun
wrapped,wrap
chew,chew
pads,pad
hefty,hefty
vacuum,vacuum
ziploc,ziploc
rana,rana
tortelloni,tortelloni
mount,mount
olive,olive
soppressata,soppressata
veroni,veroni
antipasto,antipasto
italiano,italiano
trio,trio
selection,selection
caramelized,caramelize
kaukauna,kaukauna
ball,ball
eiffel,eiffel
tower,tower
rounds,round
primo,primo
taglio,taglio
summer,summer
slaw,slaw
gerry,gerry
bowtie,bowtie
self,self
rotelli,rotelli
deviled,devil
signature,signature
stonefire,stonefire
croissant,croissant
restaurant,restaurant
fuji,fuji
avocados,avocado
bag,bag
plantain,plantain
bananas,banana
economy,economy
blackberries,blackberry
honeydew,honeydew
melon,melon
clamshell,clamshell
pomegranates,pomegranate
cherimoya,cherimoya
pinkglow,pinkglow
rainier,rainier
bunched,bunch
beetroots,beetroot
christopher,christopher
minced,mince
world,world
elephant,elephant
romaine,romaine
sundried,sundried
asparagus,asparagus
crowns,crown
broccolini,broccolini
savoy,savoy
tomatillos,tomatillo
daikon,daikon
oyster,oyster
crimini,crimini
bhavnagri,bhavnagri
kaddu,kaddu
coleslaw,coleslaw
arugula,arugula
medley,medley
florets,floret
moong,moong
pomegranate,pomegranate
arils,aril
wonderful,wonderful
pistachios,pistachio
shell,shell
veggie,veggie
raisins,raisin
sunsweet,sunsweet
prunes,prune
momos,momos
wrapper,wrapper
home,home
bombucha,bombucha
kimchi,kimchi
company,company
fermented,ferment
nata,nata
coco,coco
blast,blast
indya,indya
crouton,crouton
sorrentina,sorrentina
crostini,crostini
thousand,thousand
island,island
sicilia,sicilia
baker,baker
candied,candy
peel,peel
creme,creme
debbie,debbie
mad,mad
over,over
dozen,dozen
theobroma,theobroma
slice,slice
rye,rye
lava,lava
chocobakes,chocobakes
layered,layer
strip,strip
teriyaki,teriyaki
kalbi,kalbi
kabab,kabab
chinese,chinese
pound,pound
lean,lean
frenched,french
semi,semi
center,center
monterey,monterey
gizzards,gizzard
cornish,cornish
duck,duck
bison,bison
elk,elk
stew,stew
tavern,tavern
juices,juice
rope,rope
franks,frank
frank,frank
chorizo,chorizo
thai,thai
cilantro,cilantro
fried,fry
cutlet,cutlet
battered,batter
tenders,tender
grill,grill
rub,rub
scalloped,scallop
grade,grade
range,range
omega,omega
enriched,enrich
soy,soy
dha,dha
curd,curd
months,month
smoothie,smoothie
flip,flip
quesadilla,quesadilla
melting,melt
singles,single
pecan,pecan
crumbled,crumble
feta,feta
ranchero,ranchero
swirls,swirl
tapioca,tapioca
cobbler,cobbler
scrambled,scramble
spreadable,spreadable
kosher,kosher
priya,priya
tropicana,tropicana
some,some
pressed,press
starbucks,starbucks
cafe,cafe
brazilian,brazilian
peas,pea
gate,gate
basmati,basmati
daawat,daawat
quinoa,quinoa
flax,flax
birthday,birthday
yogabar,yogabar
berries,berry
fuit,fuit
rollups,rollups
graham,graham
keebler,keebler
crusts,crust
flavored,flavor
kwality,kwality
wall,wall
fudge,fudge
vadilal,vadilal
cones,cone
frosting,frost
decoration,decoration
mason,mason
witches,witch
sprinkles,sprinkle
puramate,puramate
rainbow,rainbow
jimmies,jimmy
winter,winter
theme,theme
carnation,carnation
evaporated,evaporate
extract,extract
essence,essence
ajanta,ajanta
nutritional,nutritional
creole,creole
ghee,ghee
tart,tart
unfiltered,unfiltered
solid,solid
spaghetti,spaghetti
alphabet,alphabet
preserve,preserve
mala,mala
southern,southern
gherkin,gherkin
coca,coca
prebiotic,prebiotic
sosyo,sosyo
beer,beer
queso,queso
microwave,microwave
movie,movie
theatre,theatre
mountain,mountain
kodai,kodai
