Owl#Sleepy,8,2
Ready#to,78,2
Boat#Paper,18,2
Lemonade#Refreshing,7,2
Gatorade#Sports,2,2
24#Mantra,21,2
Del#Monte,35,2
Too#Yumm,14,2
Act#II,5,2
II#Popcorn,6,2
Basil#Pesto,4,2
John#West,2,2
Facial#Tissue,4,2
Charge#Deposit,5,2
Code#Grocery,8,2
Coupon#Discount,12,2
Remover#Stain,3,2
Dishwasher#Finish,4,2
Excel#Surf,2,2
Duty#Heavy,3,2
Air#Freshener,3,2
Scotch-Brite#Scrub,2,2
FARMS#WINGREENS,3,2
Cooked#Fully,4,2
Freshly#Prepared,13,2
Based#Plant,14,2
FILLET#PERI,2,2
Carb#Keto,4,2
Gold#Harvest,30,2
Fashioned#Old,4,2
Granny#Smith,4,2
Navel#Oranges,9,2
Bok#Choy,3,2
Bell#Grown,7,2
CHOCOLATE#DARK,2,2
Butternut#Squash,3,2
Nibbles#Tasty,5,2
Colgate#Visible,6,2
Avenue#Park,2,2
Sleep#Therapy,2,2
Fruity#Shine,2,2
Boost#Hydro,2,2
Carbamide#Forte,4,2
Canada#Faces,10,2
Lipstick#Matte,10,2
New#York,7,2
Dulce#Leche,2,2
Felt#Tip,2,2
Mascara#Very,2,2
Head#Shoulders,2,2
Maid#Minute,5,2
Pasture#Raised,2,2
Betty#Crocker,4,2
Mahal#Taj,2,2
Pintola#Wholegrain,2,2
20#Litre,2,2
chili#honey,2,2
Dr.#Oetker,3,2
Club#Soda,2,2
Indian#Tonic,2,2
AMUL#POWDER,3,2
INSTANT#SKIMMED,2,2
Kitchen#Towels,3,2
Active#Mee,2,2
Burn#Hour,3,2
EcoFlame#Log,2,2
Melt#Splash,2,2
Pouch#Puree,3,2
Candle#Wax,3,2
Jude#St,2,2
Refried#Rosarita,3,2
Arm#Hammer,2,2
Cats#Tidy,2,2
'n'#Fun,2,2
Gerry's#Mrs,2,2
Honeydew#Melon,3,2
Pistachios#Shell,2,2
Mad#Over,4,2
Coupon#Discount#Grocery,10,3
BEANS#DEL#MONTE,2,3
Chef#ITC#Master,19,3
Hand#Lifebuoy#Sanitizer,3,3
Boiled#Hard#Suguna,3,3
Flushable#Pee#Wipes,3,3
Cricket#Gas#Lighter,3,3
Formula#Infant#Similac,3,3
Owl#Sleepy,8,2
Ready#to,78,2
Boat#Paper,18,2
Lemonade#Refreshing,7,2
Gatorade#Sports,2,2
24#Mantra,21,2
Del#Monte,35,2
Too#Yumm,14,2
Act#II,5,2
II#Popcorn,6,2
Basil#Pesto,4,2
John#West,2,2
Facial#Tissue,4,2
Charge#Deposit,5,2
Code#Grocery,8,2
Coupon#Discount,12,2
Remover#Stain,3,2
Dishwasher#Finish,4,2
Excel#Surf,2,2
Duty#Heavy,3,2
Air#Freshener,3,2
Scotch-Brite#Scrub,2,2
FARMS#WINGREENS,3,2
Cooked#Fully,4,2
Freshly#Prepared,13,2
Based#Plant,14,2
FILLET#PERI,2,2
Carb#Keto,4,2
Gold#Harvest,30,2
Fashioned#Old,4,2
Granny#Smith,4,2
Navel#Oranges,9,2
Bok#Choy,3,2
Bell#Grown,7,2
CHOCOLATE#DARK,2,2
Butternut#Squash,3,2
Nibbles#Tasty,5,2
Colgate#Visible,6,2
Avenue#Park,2,2
Sleep#Therapy,2,2
Fruity#Shine,2,2
Boost#Hydro,2,2
Carbamide#Forte,4,2
Canada#Faces,10,2
Lipstick#Matte,10,2
New#York,7,2
Dulce#Leche,2,2
Felt#Tip,2,2
Mascara#Very,2,2
Head#Shoulders,2,2
Maid#Minute,5,2
Pasture#Raised,2,2
Betty#Crocker,4,2
Mahal#Taj,2,2
Pintola#Wholegrain,2,2
20#Litre,2,2
chili#honey,2,2
Dr.#Oetker,3,2
Club#Soda,2,2
Indian#Tonic,2,2
AMUL#POWDER,3,2
INSTANT#SKIMMED,2,2
Kitchen#Towels,3,2
Active#Mee,2,2
Burn#Hour,3,2
EcoFlame#Log,2,2
Melt#Splash,2,2
Pouch#Puree,3,2
Candle#Wax,3,2
Jude#St,2,2
Refried#Rosarita,3,2
Arm#Hammer,2,2
Cats#Tidy,2,2
'n'#Fun,2,2
Gerry's#Mrs,2,2
Honeydew#Melon,3,2
Pistachios#Shell,2,2
Mad#Over,4,2
Coupon#Discount#Grocery,10,3
BEANS#DEL#MONTE,2,3
Chef#ITC#Master,19,3
Hand#Lifebuoy#Sanitizer,3,3
Boiled#Hard#Suguna,3,3
Flushable#Pee#Wipes,3,3
Cricket#Gas#Lighter,3,3
Formula#Infant#Similac,3,3
Owl#Sleepy,8,2
Ready#to,78,2
Boat#Paper,18,2
Lemonade#Refreshing,7,2
Gatorade#Sports,2,2
24#Mantra,21,2
Del#Monte,35,2
Too#Yumm,14,2
Act#II,5,2
II#Popcorn,6,2
Basil#Pesto,4,2
John#West,2,2
Facial#Tissue,4,2
Charge#Deposit,5,2
Code#Grocery,8,2
Coupon#Discount,12,2
Remover#Stain,3,2
Dishwasher#Finish,4,2
Excel#Surf,2,2
Duty#Heavy,3,2
Air#Freshener,3,2
Scotch-Brite#Scrub,2,2
FARMS#WINGREENS,3,2
Cooked#Fully,4,2
Freshly#Prepared,13,2
Based#Plant,14,2
FILLET#PERI,2,2
Carb#Keto,4,2
Gold#Harvest,30,2
Fashioned#Old,4,2
Granny#Smith,4,2
Navel#Oranges,9,2
Bok#Choy,3,2
Bell#Grown,7,2
CHOCOLATE#DARK,2,2
Butternut#Squash,3,2
Nibbles#Tasty,5,2
Colgate#Visible,6,2
Avenue#Park,2,2
Sleep#Therapy,2,2
Fruity#Shine,2,2
Boost#Hydro,2,2
Carbamide#Forte,4,2
Canada#Faces,10,2
Lipstick#Matte,10,2
New#York,7,2
Dulce#Leche,2,2
Felt#Tip,2,2
Mascara#Very,2,2
Head#Shoulders,2,2
Maid#Minute,5,2
Pasture#Raised,2,2
Betty#Crocker,4,2
Mahal#Taj,2,2
Pintola#Wholegrain,2,2
20#Litre,2,2
chili#honey,2,2
Dr.#Oetker,3,2
Club#Soda,2,2
Indian#Tonic,2,2
AMUL#POWDER,3,2
INSTANT#SKIMMED,2,2
Kitchen#Towels,3,2
Active#Mee,2,2
Burn#Hour,3,2
EcoFlame#Log,2,2
Melt#Splash,2,2
Pouch#Puree,3,2
Candle#Wax,3,2
Jude#St,2,2
Refried#Rosarita,3,2
Arm#Hammer,2,2
Cats#Tidy,2,2
'n'#Fun,2,2
Gerry's#Mrs,2,2
Honeydew#Melon,3,2
Pistachios#Shell,2,2
Mad#Over,4,2
Coupon#Discount#Grocery,10,3
BEANS#DEL#MONTE,2,3
Chef#ITC#Master,19,3
Hand#Lifebuoy#Sanitizer,3,3
Boiled#Hard#Suguna,3,3
Flushable#Pee#Wipes,3,3
Cricket#Gas#Lighter,3,3
Formula#Infant#Similac,3,3
