,ing_id,cls_rep_id
0,10913,10913
1,10914,10913
2,10950,10950
3,10367,10367
4,10366,10367
5,10133,10133
6,10907,10907
7,10179,10179
8,10180,10179
9,11049,11049
10,10810,10810
11,10106,10810
12,10894,10894
13,10134,10134
14,10330,10330
15,10368,10368
16,10347,10368
17,11043,11043
18,10809,10809
19,10813,10813
20,10816,10813
21,10820,10820
22,10818,10820
23,10125,10125
24,10904,10904
25,10135,10135
26,10910,10910
27,10906,10910
28,10917,10917
29,11031,11031
30,11046,11046
31,11053,11046
32,10376,10376
33,10374,10376
34,10703,10703
35,10701,10703
36,11025,11025
37,10991,10991
38,10992,10991
39,10815,10815
40,10107,10815
41,10127,10127
42,10130,10130
43,10014,10014
44,10334,10334
45,10378,10378
46,11010,11010
47,11045,11045
48,11047,11045
49,10126,10126
50,10900,10126
51,10903,10903
52,10375,10375
53,10425,10425
54,10048,10425
55,10426,10425
56,10946,10946
57,11090,11090
58,11024,11024
59,11026,11024
60,11027,11027
61,11051,11051
62,10324,10324
63,10323,10324
64,10322,10324
65,10808,10808
66,10041,10041
67,11104,11104
68,10277,10277
69,11015,11015
70,11012,11015
71,11017,11015
72,11050,11050
73,11055,11055
74,10173,10173
75,20962,20962
76,10821,10821
77,11032,11032
78,20709,20709
79,20976,20976
80,10004,10004
81,10108,10108
82,10909,10909
83,10912,10909
84,10804,10804
85,10338,10338
86,10290,10290
87,11042,11042
88,11048,11048
89,20899,20899
90,10934,10934
91,10316,10316
92,10915,10915
93,10895,10895
94,10332,10332
95,10370,10370
96,10381,10381
97,10358,10358
98,10421,10421
99,10404,10421
100,10411,10421
101,10415,10421
102,11092,11092
103,11101,11101
104,11100,11101
105,20879,20879
106,20878,20879
107,10932,10932
108,10264,10264
109,10905,10905
110,10335,10335
111,10019,10335
112,10326,10326
113,10329,10326
114,10325,10326
115,10327,10326
116,10377,10377
117,10027,10377
118,10372,10377
119,10379,10379
120,10383,10379
121,10380,10380
122,10420,10420
123,10408,10408
124,10676,10676
125,10639,10639
126,11094,11094
127,11099,11099
128,10279,10279
129,11052,11052
130,20983,20983
131,10263,10263
132,10318,10318
133,10982,10982
134,10807,10807
135,10814,10814
136,10817,10814
137,10776,10776
138,10328,10328
139,10089,10089
140,10702,10702
141,10066,10066
142,10067,10066
143,10069,10066
144,10068,10066
145,10597,10066
146,10636,10636
147,10291,10291
148,11044,11044
149,11054,11054
150,10554,10554
151,20365,20365
152,10931,10931
153,10147,10147
154,10256,10256
155,10314,10314
156,10189,10189
157,10188,10189
158,10544,10544
159,10132,10132
160,10874,10874
161,10339,10339
162,10038,10038
163,10049,10049
164,10706,10706
165,10245,10245
166,10464,10464
167,10463,10464
168,10465,10464
169,10473,10464
170,10309,10309
171,10307,10309
172,20964,20964
173,20883,20883
174,20897,20897
175,20896,20897
176,20874,20874
177,20887,20887
178,10936,10936
179,10258,10258
180,10321,10321
181,10823,10823
182,10109,10823
183,10350,10350
184,10405,10405
185,10030,10030
186,10658,10658
187,10960,10960
188,10965,10960
189,11091,11091
190,11105,11105
191,10151,10151
192,11013,10151
193,11023,11023
194,20711,20711
195,20710,20711
196,20861,20861
197,20860,20861
198,20862,20861
199,20881,20881
200,20895,20895
201,20902,20902
202,20105,20105
203,10937,10937
204,10054,10054
205,10312,10312
206,11228,11228
207,10812,10812
208,10902,10902
209,10337,10337
210,10343,10337
211,10341,10341
212,10333,10333
213,10023,10023
214,10348,10348
215,10033,10033
216,10407,10407
217,10401,10401
218,10707,10707
219,10088,10707
220,10709,10709
221,10525,10525
222,11097,11097
223,11102,11102
224,10154,10154
225,10157,10157
226,11028,11028
227,11033,11033
228,11056,11056
229,11063,11063
230,11035,11063
231,20783,20783
232,20859,20859
233,20857,20859
234,20880,20880
235,20000,20000
236,10930,10930
237,10990,10990
238,10262,10262
239,10549,10549
240,10097,10097
241,10811,10811
242,10911,10911
243,10908,10911
244,10792,10792
245,10798,10792
246,10799,10792
247,10797,10792
248,10793,10792
249,10795,10795
250,10796,10795
251,10015,10015
252,10356,10356
253,10346,10346
254,10429,10429
255,10428,10429
256,10050,10429
257,10432,10429
258,10431,10429
259,10734,10734
260,10708,10708
261,10077,10077
262,10670,10670
263,10671,10670
264,10638,10638
265,10528,10528
266,10537,10528
267,11019,11019
268,11040,11040
269,11041,11041
270,11057,11057
271,11062,11062
272,10186,10186
273,20779,20779
274,10873,20779
275,20778,20779
276,20002,20002
277,20120,20120
278,20563,20563
279,20586,20586
280,10929,10929
281,11229,11229
282,10987,10987
283,10550,10550
284,10770,10770
285,10834,10770
286,10835,10770
287,10769,10770
288,10918,10918
289,10772,10772
290,10774,10772
291,10775,10772
292,10017,10017
293,10355,10355
294,10044,10044
295,10413,10413
296,10052,10052
297,10423,10423
298,10392,10392
299,10422,10392
300,10063,10063
301,10705,10705
302,10640,10640
303,11159,11159
304,10487,10487
305,10492,10487
306,11089,11089
307,11079,11079
308,11080,11079
309,20707,20707
310,20685,20685
311,20980,20980
312,20981,20980
313,20984,20984
314,20873,20873
315,20001,20001
316,20069,20069
317,20188,20188
318,20588,20588
319,21010,21010
320,21013,21013
321,10257,10257
322,11231,11231
323,11230,11230
324,10980,10980
325,10985,10985
326,10124,10124
327,10889,10889
328,10838,10838
329,10843,10838
330,10840,10838
331,10844,10844
332,10128,10844
333,10824,10824
334,10016,10016
335,10371,10371
336,10384,10371
337,10369,10371
338,10021,10021
339,10036,10036
340,10406,10406
341,10660,10660
342,10673,10673
343,10635,10635
344,11098,11098
345,11106,11106
346,11107,11106
347,10310,10310
348,10311,10310
349,11011,11011
350,11021,11021
351,11039,11039
352,10558,10558
353,11087,11087
354,20963,20963
355,20716,20716
356,20777,20777
357,10875,20777
358,20977,20977
359,20888,20888
360,20889,20889
361,20026,20026
362,20347,20347
363,20351,20347
364,10675,20347
365,20528,20528
366,20112,20112
367,20603,20603
368,10559,10559
369,10260,10260
370,10261,10261
371,10250,10250
372,10317,10317
373,10986,10986
374,10547,10547
375,10806,10806
376,10022,10022
377,10352,10352
378,10359,10352
379,10403,10403
380,10417,10417
381,10037,10417
382,10043,10043
383,10039,10039
384,10641,10641
385,10704,10704
386,10669,10669
387,10712,10712
388,10491,10491
389,10149,10149
390,11001,10149
391,11036,11036
392,20070,11036
393,11058,11058
394,11059,11059
395,10174,10174
396,20790,20790
397,20791,20791
398,20339,20339
399,20393,20393
400,10114,20393
401,20122,20122
402,20130,20130
403,20133,20130
404,20599,20599
405,10003,10003
406,10105,10105
407,10129,10129
408,10845,10845
409,20418,10845
410,10342,10342
411,10340,10342
412,10373,10373
413,10024,10024
414,10361,10361
415,10409,10409
416,10402,10402
417,10949,10949
418,10947,10947
419,10972,10947
420,10959,10959
421,10963,10963
422,10962,10963
423,10966,10963
424,10534,10534
425,11103,11103
426,10011,10011
427,10272,10272
428,10284,10284
429,10293,10293
430,10288,10293
431,10152,10152
432,10153,10152
433,11029,11029
434,11037,11037
435,20694,20694
436,20982,20982
437,20025,20025
438,20041,20041
439,20338,20338
440,10614,20338
441,20386,20386
442,20101,20101
443,20134,20134
444,20167,20167
445,20166,20167
446,20562,20562
447,20573,20573
448,20572,20573
449,10435,10435
450,10933,10933
451,10002,10002
452,10574,10574
453,10548,10548
454,10819,10819
455,10780,10780
456,10868,10868
457,10871,10868
458,10872,10868
459,10893,10868
460,10800,10800
461,10382,10382
462,10357,10357
463,10046,10046
464,10047,10046
465,10045,10046
466,10419,10419
467,10042,10042
468,10035,10042
469,10062,10062
470,10588,10062
471,10589,10062
472,10590,10062
473,10591,10062
474,10595,10062
475,10592,10062
476,10593,10062
477,10594,10062
478,10596,10062
479,10654,10654
480,10657,10654
481,10093,10093
482,10730,10730
483,10732,10732
484,11172,11172
485,10516,10516
486,10515,10516
487,10526,10526
488,11008,11008
489,11016,11016
490,10177,10177
491,20850,20850
492,20668,20668
493,20684,20684
494,20858,20858
495,20986,20986
496,20987,20986
497,20988,20986
498,20293,20293
499,20349,20349
500,20383,20383
501,20385,20385
502,20114,20114
503,20131,20131
504,10282,20131
505,20129,20131
506,20109,20131
507,20172,20172
508,20692,20692
509,10259,10259
510,10542,10542
511,10182,10182
512,10131,10131
513,10828,10828
514,10876,10876
515,10336,10336
516,10344,10336
517,10331,10331
518,10387,10387
519,10388,10388
520,10389,10389
521,10390,10389
522,10424,10389
523,10659,10659
524,20220,10659
525,20224,10659
526,10095,10095
527,10735,10095
528,10076,10076
529,10661,10661
530,10711,10711
531,10684,10684
532,10524,10524
533,10538,10538
534,10540,10538
535,11093,11093
536,10269,10269
537,10289,10289
538,10294,10294
539,10158,10158
540,10167,10167
541,10999,10999
542,11018,11018
543,10155,11018
544,11020,11020
545,20670,20670
546,20680,20680
547,20681,20681
548,20713,20713
549,20835,20835
550,20834,20835
551,20833,20835
552,20978,20978
553,20901,20901
554,20366,20366
555,20061,20061
556,10553,20061
557,20063,20061
558,20103,20103
559,20601,20601
560,20968,20968
561,10560,10560
562,10562,10562
563,10313,10313
564,10988,10988
565,10901,10901
566,10890,10901
567,10781,10781
568,10137,10137
569,10138,10137
570,10136,10137
571,10805,10805
572,10832,10832
573,10784,10784
574,10790,10784
575,10365,10365
576,10351,10351
577,10414,10414
578,10418,10414
579,10412,10414
580,10410,10410
581,10393,10393
582,10586,10586
583,10692,10692
584,10956,10956
585,10506,10506
586,10531,10506
587,10505,10506
588,11060,11060
589,10557,10557
590,11066,11066
591,11088,11088
592,20689,20689
593,20720,20720
594,20721,20721
595,20744,20744
596,20773,20773
597,20807,20807
598,20806,20807
599,20975,20975
600,20381,20381
601,20535,20535
602,20536,20535
603,20078,20078
604,20087,20087
605,20086,20087
606,20090,20090
607,20110,20110
608,20121,20121
609,20123,20121
610,20119,20121
611,10308,20121
612,10271,20121
613,20132,20132
614,20737,20737
615,10440,10440
616,10935,10935
617,10760,10760
618,10989,10989
619,11147,11147
620,10973,10973
621,10983,10983
622,10144,10144
623,10777,10777
624,10826,10826
625,10833,10833
626,10103,10103
627,10104,10104
628,10029,10029
629,10026,10026
630,10416,10416
631,20547,10416
632,10051,10051
633,10656,10656
634,10064,10064
635,10065,10064
636,10731,10731
637,10710,10710
638,10615,10615
639,10632,10632
640,10945,10945
641,10952,10945
642,10951,10945
643,10958,10958
644,10957,10958
645,10968,10958
646,10969,10958
647,10971,10958
648,10943,10958
649,11182,11182
650,11184,11182
651,10244,10244
652,10242,10244
653,10486,10486
654,10494,10486
655,10267,10267
656,10268,10267
657,10164,10164
658,10168,10168
659,11002,11002
660,11038,11038
661,20751,20751
662,20750,20751
663,20815,20815
664,20817,20817
665,20864,20864
666,20890,20890
667,20295,20295
668,20363,20363
669,20364,20364
670,20378,20378
671,20074,20074
672,20136,20136
673,20137,20136
674,20141,20141
675,20183,20183
676,20574,20574
677,20590,20590
678,10434,10434
679,10265,10265
680,10248,10248
681,10249,10249
682,11148,11148
683,10981,10981
684,10546,10546
685,10757,10757
686,10916,10916
687,10778,10778
688,10922,10922
689,10866,10866
690,10897,10897
691,10896,10897
692,10789,10789
693,10028,10028
694,10353,10353
695,10363,10363
696,10394,10394
697,10094,10094
698,10662,10662
699,10060,10662
700,10582,10662
701,10713,10713
702,10637,10637
703,11370,11370
704,11373,11370
705,11374,11370
706,11378,11370
707,11387,11370
708,11376,11370
709,11371,11370
710,11377,11370
711,10449,10449
712,10483,10483
713,10529,10529
714,10530,10529
715,10533,10533
716,10539,10539
717,10541,10539
718,10500,10539
719,10502,10539
720,10517,10539
721,10519,10539
722,10007,10007
723,10296,10007
724,11034,11034
725,20554,20554
726,20843,20843
727,10143,20843
728,20842,20843
729,20667,20667
730,20672,20672
731,20675,20675
732,20691,20691
733,20870,20870
734,20876,20876
735,20884,20884
736,20904,20904
737,20911,20911
738,20921,20921
739,20920,20921
740,20930,20930
741,21002,21002
742,21001,21002
743,20005,20005
744,20373,20373
745,20539,20539
746,20541,20539
747,20077,20077
748,20102,20102
749,20113,20102
750,20156,20156
751,20181,20181
752,10761,10761
753,10758,10758
754,10773,10773
755,10831,10831
756,10115,10115
757,10869,10115
758,10928,10115
759,10116,10115
760,10112,10115
761,10018,10018
762,10349,10349
763,10362,10362
764,11234,10362
765,10364,10364
766,10395,10395
767,10040,10395
768,10061,10061
769,10584,10584
770,10587,10587
771,10072,10072
772,10606,10606
773,11372,11372
774,10948,10948
775,10954,10954
776,10967,10967
777,10964,10967
778,11133,11133
779,11139,11133
780,11141,11133
781,11393,11393
782,11096,11096
783,10292,10292
784,10299,10299
785,10301,10299
786,10162,10162
787,20092,10162
788,10166,10166
789,10163,10166
790,11014,11014
791,11061,11061
792,11084,11084
793,20705,20705
794,20849,20849
795,20939,20939
796,20748,20748
797,20765,20765
798,20003,20003
799,20012,20012
800,20027,20027
801,20029,20029
802,20263,20263
803,20260,20263
804,20264,20264
805,20348,20348
806,20350,20348
807,20353,20353
808,20372,20372
809,20053,20053
810,20100,20100
811,20118,20100
812,20104,20104
813,20144,20144
814,20570,20570
815,20576,20576
816,20693,20693
817,10053,10053
818,10315,10315
819,10938,10938
820,10752,10752
821,10899,10899
822,10771,10771
823,10113,10113
824,10117,10113
825,10877,10877
826,10025,10025
827,10034,10034
828,10581,10581
829,10087,10087
830,10631,10631
831,11108,11108
832,11175,11108
833,10460,10460
834,10472,10472
835,10462,10472
836,10532,10532
837,10739,10739
838,10170,10170
839,11009,11009
840,11022,11022
841,11064,11064
842,20940,20940
843,20651,20651
844,20686,20686
845,20687,20687
846,20688,20688
847,20760,20760
848,20784,20784
849,20827,20827
850,20974,20974
851,20866,20866
852,20893,20893
853,20894,20894
854,20907,20907
855,20018,20018
856,20195,20195
857,20236,20236
858,20257,20257
859,20268,20268
860,20390,20390
861,20391,20391
862,20392,20391
863,20548,20548
864,20537,20537
865,20529,20529
866,20442,20442
867,20116,20116
868,20146,20146
869,20148,20148
870,20153,20153
871,20154,20154
872,20160,20160
873,20184,20160
874,20577,20577
875,20587,20587
876,20605,20605
877,20608,20608
878,20613,20613
879,20771,20771
880,10762,10762
881,10543,10543
882,10320,10320
883,10146,10146
884,10984,10984
885,10756,10756
886,21005,10756
887,10755,10756
888,10919,10919
889,10829,10829
890,10794,10794
891,10878,10878
892,20424,10878
893,10354,10354
894,10427,10427
895,10433,10427
896,10396,10396
897,10397,10397
898,10612,10612
899,10090,10090
900,10085,10085
901,10084,10085
902,10970,10970
903,11153,11153
904,11095,11095
905,10278,10278
906,10555,10555
907,20967,20967
908,20970,20970
909,20813,20813
910,20814,20813
911,20824,20824
912,20826,20826
913,20898,20898
914,20919,20919
915,20324,20324
916,20357,20357
917,20360,20357
918,20377,20377
919,20531,20531
920,20064,20064
921,20065,20065
922,20099,20099
923,20107,20107
924,20106,20107
925,20159,20159
926,20161,20159
927,20187,20159
928,20171,20171
929,20623,20623
930,20715,20715
931,11143,11143
932,10187,10187
933,10190,10187
934,10197,10197
935,10202,10197
936,10193,10197
937,10779,10779
938,10841,10841
939,10839,10841
940,10921,10921
941,10870,10870
942,10898,10898
943,10786,10786
944,20740,10786
945,10927,10786
946,11272,10786
947,10791,10791
948,11232,10791
949,10861,10791
950,11384,10791
951,10925,10925
952,10360,10360
953,10345,10345
954,10020,10020
955,10391,10391
956,10576,10576
957,10609,10609
958,10078,10078
959,20298,10078
960,10665,10665
961,10633,10633
962,10666,10666
963,10698,10698
964,11178,11178
965,10246,10246
966,10450,10450
967,10453,10450
968,10459,10450
969,10443,10443
970,10493,10493
971,10523,10523
972,10504,10523
973,10520,10523
974,10536,10536
975,20552,20552
976,20703,20703
977,20854,20854
978,20726,20726
979,20727,20727
980,20731,20731
981,20732,20732
982,20745,20745
983,20743,20745
984,20755,20755
985,20908,20908
986,20915,20915
987,20916,20916
988,20903,20903
989,20035,20035
990,20042,20042
991,20048,20048
992,20352,20352
993,20371,20371
994,20374,20374
995,20527,20527
996,20410,20410
997,20068,20068
998,20073,20073
999,20082,20082
1000,20185,20185
1001,20561,20561
1002,20583,20583
1003,20602,20602
1004,20752,20752
1005,21026,21026
1006,10255,10255
1007,10575,10575
1008,10746,10746
1009,10122,10122
1010,10386,10386
1011,10400,10400
1012,10385,10385
1013,10056,10056
1014,10057,10056
1015,10058,10056
1016,10059,10056
1017,10579,10056
1018,10580,10056
1019,10086,10086
1020,10691,10691
1021,11386,11386
1022,11179,11179
1023,10497,10497
1024,10501,10501
1025,10521,10501
1026,10518,10501
1027,10522,10501
1028,10511,10511
1029,10010,10010
1030,10008,10010
1031,11295,10010
1032,10150,10150
1033,11004,11004
1034,20088,11004
1035,10556,10556
1036,11071,11071
1037,20847,20847
1038,20758,20758
1039,20782,20782
1040,20804,20804
1041,11365,20804
1042,20831,20831
1043,20872,20872
1044,20882,20882
1045,20913,20913
1046,20985,20985
1047,20820,20820
1048,20818,20820
1049,20045,20045
1050,20216,20216
1051,20255,20255
1052,20269,20269
1053,20290,20290
1054,20289,20290
1055,20341,20341
1056,20346,20346
1057,20375,20375
1058,20376,20376
1059,20379,20379
1060,20551,20551
1061,20521,20521
1062,20517,20521
1063,20520,20521
1064,20491,20491
1065,20516,20516
1066,20067,20067
1067,20080,20080
1068,20150,20150
1069,20157,20157
1070,20575,20575
1071,20584,20584
1072,20699,20699
1073,20698,20699
1074,20739,20739
1075,20746,20746
1076,20770,20770
1077,20772,20772
1078,20948,20948
1079,20973,20973
1080,20989,20989
1081,10975,10975
1082,10867,10867
1083,10822,10822
1084,10886,10886
1085,10119,10886
1086,10123,10886
1087,10888,10886
1088,10785,10785
1089,10788,10785
1090,10926,10785
1091,10013,10013
1092,10031,10031
1093,10399,10399
1094,10577,10577
1095,10578,10577
1096,20192,10577
1097,10091,10091
1098,11368,11368
1099,10210,10210
1100,10214,10214
1101,10208,10214
1102,11389,11389
1103,11388,11389
1104,11136,11136
1105,11162,11162
1106,11161,11162
1107,10241,10241
1108,10482,10482
1109,10495,10495
1110,10499,10499
1111,10498,10499
1112,10514,10514
1113,10527,10527
1114,10270,10270
1115,10287,10287
1116,10295,10295
1117,10239,10295
1118,10222,10295
1119,10223,10295
1120,11349,10295
1121,10159,10159
1122,10161,10161
1123,11069,11069
1124,11073,11073
1125,11075,11075
1126,11083,11075
1127,11076,11076
1128,20702,20702
1129,20706,20706
1130,20643,20643
1131,20654,20654
1132,20666,20666
1133,20697,20697
1134,20759,20759
1135,20832,20832
1136,20877,20877
1137,20914,20914
1138,21003,21003
1139,20808,20808
1140,20017,20017
1141,20032,20032
1142,20040,20040
1143,20043,20043
1144,20340,20340
1145,20382,20382
1146,20540,20540
1147,20543,20543
1148,20438,20438
1149,20459,20459
1150,20462,20459
1151,20485,20485
1152,20488,20485
1153,20502,20502
1154,20511,20511
1155,20062,20062
1156,20084,20084
1157,20093,20093
1158,20126,20126
1159,20139,20139
1160,20168,20168
1161,20186,20168
1162,20585,20585
1163,20589,20589
1164,10561,10561
1165,10743,10743
1166,10887,10887
1167,10891,10887
1168,10879,10887
1169,10032,10032
1170,10655,10655
1171,10672,10672
1172,10680,10680
1173,11264,11264
1174,11158,11158
1175,11150,11158
1176,11157,11157
1177,11395,11395
1178,10448,10448
1179,10457,10448
1180,10484,10484
1181,10485,10484
1182,10510,10510
1183,10512,10512
1184,10513,10512
1185,10281,10281
1186,10280,10281
1187,10300,10300
1188,10305,10300
1189,11000,11000
1190,11005,11005
1191,11067,11067
1192,20708,20708
1193,20712,20712
1194,20856,20856
1195,20938,20938
1196,20945,20945
1197,20952,20952
1198,20966,20966
1199,21007,21007
1200,21008,21007
1201,20682,20682
1202,20717,20717
1203,20736,20736
1204,20735,20736
1205,20774,20774
1206,20798,20798
1207,20830,20830
1208,20809,20809
1209,20811,20809
1210,20810,20810
1211,20007,20007
1212,20266,20266
1213,20322,20322
1214,20358,20358
1215,20532,20532
1216,20416,20416
1217,20490,20490
1218,20489,20490
1219,11303,20490
1220,11307,20490
1221,11301,20490
1222,20091,20091
1223,20095,20095
1224,20117,20117
1225,20135,20135
1226,20145,20145
1227,20173,20173
1228,20571,20571
1229,20582,20582
1230,20600,20600
1231,20604,20604
1232,20951,20951
1233,20950,20951
1234,10442,10442
1235,11120,11120
1236,10742,10742
1237,10753,10753
1238,10995,10995
1239,10996,10996
1240,10857,10857
1241,10847,10857
1242,10111,10857
1243,10782,10782
1244,20484,10782
1245,20486,10782
1246,10398,10398
1247,10628,10628
1248,10629,10629
1249,10630,10629
1250,20359,10629
1251,10686,10686
1252,10695,10695
1253,10211,10211
1254,10209,10211
1255,11390,11390
1256,11391,11390
1257,11249,11249
1258,11138,11138
1259,11168,11168
1260,11169,11168
1261,11396,11396
1262,11397,11396
1263,10496,10496
1264,10740,10740
1265,10009,10009
1266,10297,10009
1267,10274,10274
1268,10285,10285
1269,10156,10156
1270,11030,10156
1271,10160,10160
1272,10165,10165
1273,10171,10171
1274,11006,11006
1275,11070,11070
1276,20560,20560
1277,20836,20836
1278,20690,20690
1279,20718,20718
1280,20741,20741
1281,20768,20768
1282,20795,20795
1283,20886,20886
1284,20892,20892
1285,20909,20909
1286,20931,20931
1287,20819,20819
1288,20871,20871
1289,20004,20004
1290,20011,20011
1291,20296,20296
1292,20309,20309
1293,20325,20325
1294,20354,20354
1295,20038,20354
1296,20524,20524
1297,20525,20525
1298,20534,20534
1299,20441,20441
1300,20476,20476
1301,20500,20500
1302,20507,20507
1303,20510,20507
1304,20089,20089
1305,20097,20097
1306,10699,20097
1307,20098,20098
1308,20140,20140
1309,20163,20163
1310,20165,20165
1311,20174,20174
1312,20176,20176
1313,20182,20182
1314,20569,20569
1315,20580,20580
1316,20581,20581
1317,20592,20592
1318,20609,20609
1319,20611,20609
1320,21014,21014
1321,10438,10438
1322,11144,11144
1323,10976,10976
1324,10183,10183
1325,10941,10941
1326,10837,10837
1327,10884,10884
1328,10430,10430
1329,10585,10585
1330,10583,10585
1331,10733,10733
1332,10723,10723
1333,11352,11352
1334,11262,11262
1335,11268,11262
1336,10215,11262
1337,10444,10444
1338,10535,10535
1339,10507,10535
1340,10275,10275
1341,11074,11074
1342,11085,11085
1343,11086,11086
1344,20848,20848
1345,20657,20657
1346,20659,20657
1347,20661,20661
1348,20664,20661
1349,20669,20669
1350,20676,20676
1351,20674,20674
1352,20677,20677
1353,20719,20719
1354,20762,20762
1355,20780,20780
1356,20785,20785
1357,20793,20793
1358,20812,20812
1359,20822,20822
1360,20821,20822
1361,20829,20829
1362,20828,20829
1363,20927,20927
1364,20928,20927
1365,20929,20927
1366,20979,20979
1367,21004,21004
1368,20803,20803
1369,20015,20015
1370,20021,20021
1371,20306,20306
1372,20333,20333
1373,20332,20333
1374,20343,20343
1375,20542,20542
1376,20523,20523
1377,20546,20546
1378,20538,20546
1379,20422,20422
1380,20054,20054
1381,20058,20058
1382,20056,20058
1383,20079,20079
1384,20085,20085
1385,20115,20115
1386,10005,20115
1387,20128,20128
1388,20155,20155
1389,20162,20162
1390,20170,20170
1391,20596,20596
1392,20606,20606
1393,20618,20618
1394,20700,20700
1395,20766,20766
1396,20937,20937
1397,20990,20990
1398,20996,20996
1399,10145,10145
1400,10974,10974
1401,10825,10825
1402,10118,10118
1403,10883,10118
1404,10882,10882
1405,10924,10924
1406,10142,10924
1407,10860,10924
1408,10783,10924
1409,10607,10607
1410,20211,10607
1411,10664,10664
1412,10681,10681
1413,10683,10681
1414,10682,10682
1415,11260,11260
1416,11261,11260
1417,11155,11155
1418,11156,11155
1419,10489,10489
1420,10509,10509
1421,10283,10283
1422,20108,10283
1423,11081,11081
1424,20958,20958
1425,20994,20994
1426,21028,21028
1427,20631,20631
1428,20641,20641
1429,20683,20683
1430,20725,20725
1431,20775,20775
1432,20825,20825
1433,20917,20917
1434,20926,20926
1435,20865,20865
1436,20028,20028
1437,20049,20049
1438,20237,20237
1439,20323,20323
1440,20331,20331
1441,20355,20355
1442,20388,20388
1443,20530,20530
1444,20526,20530
1445,20404,20404
1446,20406,20406
1447,20423,20423
1448,20425,20425
1449,20433,20433
1450,20435,20433
1451,20466,20466
1452,20468,20466
1453,20469,20469
1454,20060,20060
1455,20138,20138
1456,20158,20158
1457,20177,20177
1458,20597,20597
1459,20598,20598
1460,20619,20619
1461,20620,20620
1462,20671,20671
1463,20723,20723
1464,20944,20944
1465,21024,21024
1466,20010,20010
1467,10441,10441
1468,10254,10254
1469,11129,11129
1470,10012,10012
1471,11142,11142
1472,10979,10979
1473,10940,10940
1474,10942,10942
1475,10836,10836
1476,10140,10140
1477,10881,10881
1478,10120,10881
1479,10613,10613
1480,10634,10634
1481,11353,11353
1482,11257,11257
1483,11283,11283
1484,11287,11287
1485,11288,11287
1486,11290,11290
1487,11137,11137
1488,11170,11170
1489,11177,11177
1490,11398,11398
1491,10243,10243
1492,10461,10461
1493,10474,10461
1494,10006,10006
1495,10178,10178
1496,11065,11065
1497,21027,21027
1498,20695,20695
1499,20733,20733
1500,20797,20797
1501,20869,20869
1502,20891,20891
1503,20910,20910
1504,20922,20922
1505,20924,20924
1506,20020,20020
1507,20022,20022
1508,20023,20023
1509,20030,20030
1510,20214,20214
1511,20219,20219
1512,20215,20219
1513,20217,20219
1514,20251,20251
1515,20250,20251
1516,20256,20256
1517,20334,20334
1518,20336,20334
1519,20335,20335
1520,20345,20345
1521,20549,20549
1522,20522,20522
1523,20395,20395
1524,20397,20397
1525,20411,20411
1526,20414,20414
1527,20413,20414
1528,20445,20445
1529,20417,20445
1530,20460,20460
1531,20474,20474
1532,20508,20508
1533,20512,20512
1534,20072,20072
1535,20143,20143
1536,20149,20149
1537,20591,20591
1538,20734,20734
1539,20764,20764
1540,21009,21009
1541,10439,10439
1542,10266,10266
1543,10319,10319
1544,11145,11145
1545,10842,10842
1546,10880,10880
1547,10071,10071
1548,10610,10610
1549,10611,10610
1550,10082,10082
1551,10674,10674
1552,20310,10674
1553,10679,10679
1554,10696,10696
1555,10700,10700
1556,11271,11271
1557,11265,11271
1558,11266,11271
1559,11267,11271
1560,11382,11382
1561,10221,10221
1562,11291,10221
1563,11292,10221
1564,11233,11233
1565,11236,11233
1566,11375,11375
1567,10217,10217
1568,11318,11318
1569,11154,11154
1570,11166,11166
1571,10447,10447
1572,10455,10455
1573,10479,10479
1574,10737,10737
1575,10738,10737
1576,10169,10169
1577,11007,11007
1578,11082,11082
1579,20949,20949
1580,20956,20956
1581,20998,20998
1582,20647,20647
1583,20673,20673
1584,20679,20679
1585,20769,20769
1586,20776,20776
1587,20024,20024
1588,20037,20037
1589,20046,20046
1590,20199,20199
1591,20197,20199
1592,20206,20206
1593,20274,20274
1594,20271,20274
1595,20276,20276
1596,20291,20291
1597,20317,20317
1598,20318,20317
1599,20329,20329
1600,20519,20519
1601,20394,20394
1602,20407,20394
1603,20400,20400
1604,20401,20400
1605,20398,20400
1606,20402,20402
1607,20399,20402
1608,20432,20432
1609,20437,20437
1610,20457,20457
1611,20461,20461
1612,20467,20467
1613,20403,20467
1614,20463,20467
1615,20464,20467
1616,20465,20467
1617,20505,20505
1618,20504,20505
1619,20506,20505
1620,20094,20094
1621,20096,20094
1622,20142,20142
1623,20169,20169
1624,20617,20617
1625,20738,20738
1626,20749,20749
1627,20935,20935
1628,20936,20936
1629,20995,20995
1630,10436,10436
1631,20701,10436
1632,11123,11123
1633,11127,11127
1634,10978,10978
1635,20805,10978
1636,10194,10194
1637,10195,10194
1638,10196,10194
1639,10198,10194
1640,10199,10194
1641,10200,10194
1642,10201,10194
1643,10745,10745
1644,10994,10994
1645,10251,10251
1646,10885,10885
1647,20396,10885
1648,10787,10787
1649,10083,10083
1650,10668,10083
1651,10717,10717
1652,10240,10240
1653,10220,10220
1654,11286,10220
1655,11298,11298
1656,11296,11298
1657,11300,11298
1658,11167,11167
1659,11181,11181
1660,11180,11180
1661,11183,11180
1662,10452,10452
1663,20852,20852
1664,20628,20628
1665,20637,20628
1666,20629,20629
1667,20630,20630
1668,20714,20714
1669,20918,20918
1670,20868,20868
1671,21006,21006
1672,20009,20009
1673,20044,20044
1674,20047,20047
1675,20212,20212
1676,20252,20252
1677,20265,20265
1678,20267,20267
1679,20273,20273
1680,20272,20273
1681,20270,20273
1682,20303,20303
1683,20305,20303
1684,20320,20320
1685,20326,20326
1686,20328,20328
1687,20330,20330
1688,20327,20330
1689,20545,20545
1690,20427,20427
1691,20429,20429
1692,20458,20458
1693,20456,20458
1694,20494,20494
1695,20496,20496
1696,20499,20499
1697,20567,20567
1698,20595,20595
1699,20615,20615
1700,20622,20622
1701,20747,20747
1702,11124,11124
1703,11125,11124
1704,10252,10252
1705,10749,10749
1706,11242,10749
1707,10663,10663
1708,10689,10689
1709,10224,10224
1710,11255,11255
1711,11140,11140
1712,11149,11149
1713,11165,11165
1714,10456,10456
1715,10480,10480
1716,10273,10273
1717,11077,11077
1718,20943,20943
1719,21015,21015
1720,20632,20632
1721,20636,20636
1722,20678,20678
1723,20728,20728
1724,20730,20730
1725,20816,20816
1726,20788,20788
1727,20823,20823
1728,20191,20191
1729,20218,20218
1730,20242,20242
1731,20288,20288
1732,20337,20337
1733,20367,20367
1734,20550,20550
1735,20408,20408
1736,20430,20430
1737,20440,20430
1738,20431,20431
1739,20495,20495
1740,20052,20052
1741,20057,20057
1742,20059,20059
1743,20076,20076
1744,20083,20083
1745,20125,20125
1746,20178,20178
1747,20175,20178
1748,20578,20578
1749,20621,20621
1750,20625,20625
1751,21020,21020
1752,11126,11126
1753,11146,11146
1754,10253,10253
1755,10920,10920
1756,20439,10920
1757,10827,10827
1758,10849,10849
1759,10852,10849
1760,10855,10849
1761,10863,10849
1762,11269,10849
1763,11275,10849
1764,10648,10648
1765,10079,10079
1766,10667,10079
1767,20228,10079
1768,10729,10729
1769,20729,10729
1770,10720,10720
1771,10721,10721
1772,10725,10725
1773,10678,10678
1774,10697,10697
1775,10206,10206
1776,11256,11256
1777,11334,11334
1778,10205,10205
1779,11151,11151
1780,11173,11173
1781,11174,11173
1782,10451,10451
1783,10468,10468
1784,10467,10468
1785,10469,10468
1786,10466,10468
1787,10475,10475
1788,10478,10478
1789,10477,10478
1790,10490,10490
1791,10741,10741
1792,10302,10302
1793,10298,10302
1794,11299,10302
1795,11333,10302
1796,20947,20947
1797,20971,20971
1798,20999,20999
1799,20627,20627
1800,20639,20639
1801,20665,20665
1802,20787,20787
1803,20786,20786
1804,20802,20802
1805,20900,20900
1806,20906,20906
1807,20019,20019
1808,20198,20198
1809,20297,20297
1810,20342,20342
1811,10724,20342
1812,20344,20344
1813,20384,20384
1814,20389,20389
1815,20409,20409
1816,20419,20419
1817,20470,20470
1818,20471,20471
1819,20482,20482
1820,20492,20492
1821,20515,20515
1822,20152,20152
1823,20607,20607
1824,20610,20610
1825,20616,20616
1826,20969,20969
1827,21022,21022
1828,11117,11117
1829,11132,11132
1830,11114,11114
1831,10977,10977
1832,10747,10747
1833,10993,10993
1834,10139,10139
1835,10141,10141
1836,10923,10923
1837,10608,10608
1838,10687,10687
1839,10677,10677
1840,11273,11273
1841,11383,11383
1842,11379,11379
1843,11380,11379
1844,11247,11247
1845,10961,10961
1846,11109,11109
1847,11163,11163
1848,10445,10445
1849,10446,10446
1850,10458,10458
1851,10481,10481
1852,10176,10176
1853,20559,20559
1854,20704,20704
1855,11321,20704
1856,11320,20704
1857,11322,20704
1858,11324,20704
1859,20993,20993
1860,21029,21029
1861,20633,20633
1862,20789,20789
1863,20033,20033
1864,20036,20036
1865,20050,20050
1866,10192,20050
1867,20194,20194
1868,20196,20196
1869,20210,20210
1870,20223,20223
1871,20221,20223
1872,20244,20244
1873,20243,20244
1874,20311,20311
1875,20321,20321
1876,20387,20387
1877,20544,20544
1878,20415,20415
1879,20447,20447
1880,20453,20453
1881,20451,20453
1882,20473,20473
1883,20497,20497
1884,20075,20075
1885,20147,20147
1886,20568,20568
1887,20593,20593
1888,20724,20724
1889,20753,20753
1890,21019,21019
1891,11121,11121
1892,10545,10545
1893,10851,10851
1894,10862,10851
1895,10856,10851
1896,11308,10851
1897,11366,11366
1898,10212,10212
1899,11259,10212
1900,10213,10213
1901,11270,11270
1902,10225,10225
1903,11381,11381
1904,11282,11282
1905,11285,11285
1906,10228,10228
1907,11302,10228
1908,11309,10228
1909,11304,10228
1910,11310,10228
1911,11297,11297
1912,10216,11297
1913,11240,11240
1914,11241,11240
1915,11176,11176
1916,10286,10286
1917,10175,10175
1918,20942,20942
1919,20965,20965
1920,20638,20638
1921,20867,20867
1922,20213,20213
1923,20230,20230
1924,20232,20230
1925,10092,20230
1926,10727,20230
1927,20245,20245
1928,20249,20245
1929,20248,20248
1930,20253,20253
1931,20259,20259
1932,20300,20300
1933,20301,20300
1934,20302,20302
1935,20362,20362
1936,20368,20368
1937,20518,20518
1938,20426,20426
1939,20436,20426
1940,20446,20446
1941,20450,20450
1942,20472,20472
1943,20480,20480
1944,20481,20481
1945,20151,20151
1946,20612,20612
1947,20626,20626
1948,20754,20754
1949,21023,21023
1950,10437,10437
1951,10765,10765
1952,10766,10765
1953,10748,10748
1954,10751,10751
1955,10853,10853
1956,10070,10070
1957,10690,10690
1958,11355,11355
1959,11358,11358
1960,11363,11363
1961,11367,11367
1962,10226,10226
1963,11330,11330
1964,11335,11330
1965,11340,11340
1966,11289,11289
1967,11316,11316
1968,11346,11346
1969,10306,10306
1970,10236,10306
1971,10303,10306
1972,10172,10172
1973,20845,20845
1974,20959,20959
1975,20961,20961
1976,20640,20640
1977,20656,20656
1978,20662,20662
1979,20209,20209
1980,20235,20235
1981,20240,20240
1982,20262,20262
1983,20280,20280
1984,20287,20287
1985,20299,20299
1986,20307,20307
1987,20421,20421
1988,20501,20501
1989,20055,20055
1990,20071,20071
1991,20111,20111
1992,20127,20127
1993,20179,20179
1994,20180,20180
1995,20696,20696
1996,20997,20997
1997,21011,21011
1998,10767,10767
1999,10768,10767
2000,10148,10148
2001,10100,10100
2002,10754,10754
2003,10600,10600
2004,10080,10080
2005,10081,10080
2006,10714,10714
2007,10718,10718
2008,10719,10719
2009,11328,11328
2010,11327,11328
2011,11341,11341
2012,11342,11341
2013,10218,10218
2014,11235,11235
2015,11237,11235
2016,10203,10203
2017,10204,10204
2018,11248,11248
2019,11251,11251
2020,11253,11253
2021,10470,10470
2022,10471,10470
2023,10304,10304
2024,20838,20838
2025,20846,20846
2026,20960,20960
2027,20992,20992
2028,21018,21018
2029,21016,21018
2030,20655,20655
2031,20658,20658
2032,20799,20799
2033,20034,20034
2034,20222,20222
2035,20227,20227
2036,20229,20227
2037,20241,20241
2038,20246,20246
2039,20281,20281
2040,20285,20285
2041,20361,20361
2042,20428,20428
2043,20434,20434
2044,20475,20475
2045,20478,20478
2046,20479,20479
2047,20493,20493
2048,20081,20081
2049,20164,20164
2050,20579,20579
2051,10763,10763
2052,11118,11118
2053,11128,11128
2054,10110,10110
2055,10848,10110
2056,10850,10110
2057,10858,10110
2058,10846,10110
2059,10854,10110
2060,10864,10110
2061,10892,10892
2062,10602,10602
2063,10605,10602
2064,20205,10602
2065,20208,10602
2066,10642,10642
2067,10643,10642
2068,10644,10642
2069,10645,10642
2070,10646,10642
2071,10647,10642
2072,10649,10642
2073,10650,10642
2074,10651,10642
2075,11356,11356
2076,10207,10207
2077,11263,10207
2078,10227,10227
2079,11336,11336
2080,11238,11238
2081,11312,11312
2082,11254,11254
2083,10232,10232
2084,11317,11317
2085,10247,10247
2086,11068,11068
2087,11072,11068
2088,20553,20553
2089,20556,20556
2090,20841,20841
2091,20642,20642
2092,20644,20644
2093,20781,20781
2094,20863,20863
2095,20207,20207
2096,20444,20444
2097,20449,20449
2098,20454,20454
2099,20509,20509
2100,20722,20722
2101,10764,10764
2102,10694,10764
2103,11130,11130
2104,11131,11131
2105,10055,10055
2106,10998,10998
2107,10859,10859
2108,10865,10859
2109,10601,10601
2110,10603,10601
2111,10604,10601
2112,10598,10598
2113,10599,10598
2114,10074,10074
2115,10075,10074
2116,10073,10073
2117,10688,10688
2118,11360,11360
2119,20801,11360
2120,11332,11332
2121,11280,11280
2122,11239,11239
2123,11311,11311
2124,10121,11311
2125,11279,11279
2126,10238,10238
2127,10953,10953
2128,10944,10953
2129,10476,10476
2130,10488,10488
2131,10736,10736
2132,10276,10276
2133,11003,11003
2134,20839,20839
2135,20844,20844
2136,20941,20941
2137,20953,20953
2138,20955,20955
2139,20875,20875
2140,20923,20923
2141,20905,20905
2142,20193,20193
2143,20203,20203
2144,20226,20226
2145,20294,20294
2146,20308,20308
2147,20356,20356
2148,20477,20477
2149,20503,20503
2150,20514,20514
2151,20565,20565
2152,10759,10759
2153,10235,10235
2154,20014,10235
2155,11294,10235
2156,10230,10230
2157,10231,10231
2158,11315,11315
2159,11343,11343
2160,11348,11348
2161,11152,11152
2162,10454,10454
2163,10508,10508
2164,21000,21000
2165,10229,21000
2166,20648,20648
2167,20796,20796
2168,20800,20800
2169,20231,20231
2170,20254,20254
2171,10617,20254
2172,20275,20254
2173,20278,20278
2174,20279,20278
2175,20313,20313
2176,20316,20316
2177,20369,20369
2178,20533,20533
2179,20420,20420
2180,20443,20443
2181,20483,20483
2182,20051,20051
2183,20124,20124
2184,20189,20189
2185,20566,20566
2186,20624,20624
2187,21021,21021
2188,10102,10102
2189,10563,10563
2190,10624,10624
2191,10625,10624
2192,10626,10626
2193,10619,10626
2194,10627,10627
2195,10620,10620
2196,10722,10722
2197,11362,11362
2198,11274,11274
2199,11293,11293
2200,11331,11331
2201,11369,11369
2202,11305,11305
2203,11244,11244
2204,11277,11277
2205,11313,11313
2206,20840,20840
2207,20957,20957
2208,21030,21030
2209,20650,20650
2210,20663,20663
2211,20204,20204
2212,20238,20238
2213,20304,20304
2214,20370,20370
2215,20455,20455
2216,20513,20513
2217,20594,20594
2218,10939,10939
2219,10564,10564
2220,10622,10622
2221,20277,10622
2222,11258,11258
2223,11350,11350
2224,11351,11351
2225,11281,11281
2226,11278,11278
2227,10234,10234
2228,11325,11325
2229,11171,11171
2230,11078,11078
2231,20954,20954
2232,20972,20972
2233,21017,21017
2234,20653,20653
2235,20660,20660
2236,10181,20660
2237,20925,20925
2238,20190,20190
2239,20201,20201
2240,20233,20233
2241,20234,20234
2242,20284,20284
2243,20312,20312
2244,20315,20312
2245,20314,20312
2246,20412,20412
2247,20405,20412
2248,20452,20452
2249,21025,21025
2250,11119,11119
2251,11122,11122
2252,10744,10744
2253,10685,10685
2254,11329,11329
2255,20013,11329
2256,11337,11337
2257,11306,11306
2258,11319,11319
2259,11160,11160
2260,20851,20851
2261,20932,20932
2262,20933,20933
2263,20946,20946
2264,20991,20991
2265,20634,20634
2266,20200,20200
2267,20202,20200
2268,20448,20448
2269,20066,20066
2270,10565,10565
2271,10750,10750
2272,10716,10716
2273,11357,11357
2274,11339,11339
2275,10219,10219
2276,11284,11284
2277,11243,11243
2278,11245,11245
2279,11326,11245
2280,10237,10237
2281,11344,11344
2282,11345,11344
2283,11347,11347
2284,20853,20853
2285,20016,20016
2286,20261,20261
2287,20487,20487
2288,11113,11113
2289,10997,10997
2290,10726,10726
2291,10621,10621
2292,10618,10618
2293,10715,10715
2294,11276,11276
2295,10233,10233
2296,11164,11164
2297,20555,20555
2298,20837,20837
2299,20008,20008
2300,20286,20286
2301,20292,20292
2302,10101,10101
2303,10623,10623
2304,11354,11354
2305,11246,11246
2306,11252,11252
2307,20635,20635
2308,20646,20646
2309,10099,10099
2310,10652,10652
2311,10728,10728
2312,11361,11361
2313,11364,11361
2314,11338,11338
2315,11250,11250
2316,20855,20855
2317,20258,20258
2318,20283,20283
2319,20498,20498
2320,10185,10185
2321,10098,10098
2322,10653,10653
2323,11385,11385
2324,20557,20557
2325,20934,20934
2326,20645,20645
2327,20649,20649
2328,20792,20792
2329,20239,20239
2330,11112,11112
2331,10616,10616
2332,11359,11359
2333,11323,11323
2334,20558,20558
2335,21012,21012
2336,20794,20794
2337,20564,20564
2338,20614,20614
2339,20652,20652
2340,11110,11110
2341,20380,20380
2342,10184,10184
2343,10001,10001
2344,11314,11314
2345,11111,11111
