,Company_word,Count
17,johnson,551
18,controls,542
76,india,307
42,services,281
16,solutions,252
14,and,234
155,emerson,179
65,tata,176
26,group,158
411,consultancy,157
49,mindteck,157
126,global,113
35,automation,107
2091,phdata,102
21,honeywell,102
10,siemens,96
84,systems,84
20,international,79
6,bank,77
534,of,75
62,electric,70
31,software,68
552,engineering,66
114,walmart,66
250,tech,65
47,company,60
61,schneider,60
88,energy,56
465,consulting,55
156,capgemini,55
28,healthcare,54
86,philips,52
833,cognizant,52
80,the,47
318,industries,46
428,selfemployed,45
261,infotech,40
511,accenture,40
27,ge,39
289,digital,39
695,infosys,38
15,business,37
304,wipro,34
354,process,32
875,management,32
249,amazon,31
163,yokogawa,30
821,companies,28
358,hcltech,28
361,medtronic,28
44,waters,27
269,llp,26
154,pte,25
162,harman,25
180,endresshauser,23
183,institute,23
393,ul,23
604,research,22
381,america,22
50,eaton,22
591,philomath,22
202,deloitte,22
346,consultants,21
105,bosch,21
199,freelance,21
24,scientific,21
306,persistent,21
66,machines,21
440,mahindra,21
112,medical,20
382,pwc,20
11,healthineers,20
106,home,19
852,centre,19
2101,info,19
171,center,19
275,data,19
293,abb,19
256,semiconductor,19
951,university,19
19,stryker,18
93,microsoft,18
3,health,18
30,rocket,18
146,ey,18
2121,albertsons,18
634,a,18
313,comfort,17
34,rockwell,17
617,blue,17
543,self,17
41,financial,17
130,security,17
97,reliance,17
308,asia,17
2100,krios,17
774,analytics,17
350,development,16
565,instrumentation,16
544,employed,16
129,fire,16
271,an,16
278,i,16
102,cloud,15
339,indian,15
9,insurance,15
1554,pune,15
181,citi,15
321,infrastructure,15
5,hdfc,14
305,solution,14
138,dassault,14
1869,commonwealth,14
988,oracle,14
186,ltimindtree,13
263,engineers,13
1490,deutsche,13
373,carrier,13
416,ai,13
536,seagate,13
1496,australia,13
165,east,13
408,electronics,13
380,north,13
483,education,13
608,air,13
212,minds,12
2178,snowflake,12
890,in,12
763,globallogic,12
247,vertiv,12
602,design,12
762,pty,12
160,wells,12
564,supertech,12
456,it,12
371,adani,12
207,calsoft,12
312,united,12
161,fargo,12
164,middle,11
779,aws,11
778,web,11
8,life,11
835,ddn,11
46,care,11
1523,nice,11
296,industrial,11
578,paints,11
170,innovation,11
213,varian,11
753,nagarro,11
141,control,11
316,storage,11
655,gmbh,11
309,pacific,11
200,nomura,11
2218,mastercard,11
23,fisher,11
468,network,11
796,ltm,11
337,building,10
204,communications,10
1391,motion,10
210,ametek,10
1240,cbre,10
379,qcells,10
448,labs,10
1060,oil,10
795,my,10
70,brokers,10
71,ust,10
22,thermo,10
83,spanidea,10
79,capital,10
773,tiger,10
303,jll,10
172,boston,10
122,applied,10
149,google,10
924,sciences,9
921,college,9
568,dell,9
2171,visa,9
897,singapore,9
231,national,9
139,systemes,9
2140,supervalu,9
128,chubb,9
838,apple,9
997,advisory,9
347,salesforce,9
784,for,9
377,holdings,9
255,samsung,9
1463,mitsubishi,9
257,us,9
262,new,9
941,retail,9
211,happiest,9
268,associates,9
1531,kpit,9
185,heartstream,9
157,john,9
174,industry,9
300,as,9
919,mercedesbenz,8
414,talent,8
407,renesas,8
476,festo,8
166,africa,8
2085,degreed,8
357,information,8
2081,unitedhealth,8
372,realty,8
959,power,8
1178,mutual,8
1177,northwestern,8
1221,retired,8
2274,barclays,8
191,equipment,8
1182,professional,8
743,kpmg,8
217,hr,8
294,quest,8
1340,state,8
12,baxter,7
39,petroleum,7
569,nvidia,7
598,schaeffler,7
1459,shell,7
603,automotive,7
1378,lighting,7
13,innovations,7
1482,wns,7
498,technip,7
499,energies,7
348,china,7
1066,s,7
781,infosystems,7
150,cohesity,7
133,confidential,7
362,roots,7
1855,mes,7
1796,micro,7
449,enterprise,7
471,ventures,7
980,sdn,7
981,bhd,7
1006,aveva,7
40,landt,7
1834,shield,7
349,construction,7
319,ntt,7
107,appliances,7
509,black,7
302,nexperia,7
328,trane,7
735,larsen,7
729,hitachi,7
736,toubro,7
326,ascendion,7
209,chiller,7
208,smardt,7
291,mumbai,7
680,fractal,7
954,electrical,6
923,consumer,6
2463,sourced,6
940,parking,6
59,bajaj,6
118,beyond,6
123,materials,6
90,green,6
1038,mechanical,6
939,get,6
441,soroco,6
477,yes,6
1757,jacobs,6
384,abbott,6
193,l,6
205,netapp,6
2264,cross,6
158,deere,6
714,computer,6
2111,zcon,6
353,generis,6
501,projects,6
627,finance,6
573,sap,6
1453,jcb,6
621,lattice,6
38,hindustan,6
37,emergys,6
2201,iconnect,6
276,centres,6
1438,union,6
1233,haptik,6
1067,connected,6
387,lenovo,6
2363,sony,6
147,alten,6
484,training,6
125,allegis,6
1141,adient,6
1623,workplace,6
1252,market,6
215,exchange,6
558,human,6
1547,technical,6
1193,gas,6
1501,innotech,6
1904,australian,6
2541,bharat,6
618,star,5
878,qualitykiosk,5
901,avalara,5
889,h,5
53,minor,5
904,smart,5
1399,pulp,5
576,kansai,5
659,p,5
656,confluent,5
1370,strategy,5
628,intellect,5
241,airtel,5
240,by,5
2225,genesys,5
577,nerolac,5
1248,enterprises,5
2204,digitate,5
589,arrow,5
220,arabia,5
219,saudi,5
2246,search,5
1680,enpower,5
1631,finite,5
764,europe,5
167,b,5
1189,products,5
1180,gsk,5
547,agency,5
320,centers,5
340,achievers,5
2097,vanderlande,5
750,enphase,5
731,cyient,5
281,panasonic,5
1532,scope,5
251,ncs,5
1537,system,5
684,insight,5
1301,conditioning,5
214,ion,5
723,cencora,5
717,export,5
2272,credit,5
1552,subsidiary,5
177,apar,5
1156,chemicals,5
754,synergy,5
2149,gnr,5
2141,foods,5
1671,synopsys,5
1659,omers,5
2050,california,5
2322,systa,5
1610,american,5
527,komprise,5
1082,infosolutions,5
374,hvac,5
1968,consultant,5
1074,rubiscape,5
1045,ministry,5
1124,steel,5
799,firm,5
121,aramco,5
1751,measurement,5
391,to,5
1078,tecnimont,5
399,infobeans,5
968,practice,5
392,work,5
1816,zealand,5
467,auto,5
2502,inventec,5
101,spectro,5
855,ukandi,5
1858,mission,5
1832,uk,5
420,hauser,5
419,endress,5
2,first,5
2126,synechron,4
2187,holidays,4
2169,pharmaceuticals,4
1966,independent,4
1964,service,4
640,city,4
535,skills,4
286,worldwide,4
1724,appzen,4
2483,vive,4
2481,bt,4
2473,randd,4
2472,simmons,4
85,ict,4
530,iksula,4
1473,allianz,4
1470,asian,4
488,principal,4
1505,contracting,4
631,red,4
2258,coupang,4
325,food,4
879,shi,4
1953,transport,4
283,randstad,4
1450,hub,4
583,narwal,4
582,ncc,4
1691,motor,4
1690,ford,4
2247,atman,4
282,citiustech,4
2159,insure,4
2158,vertical,4
1838,airlines,4
439,allana,4
248,sutherland,4
432,st,4
1430,marshall,4
2224,buy,4
1738,ksb,4
1737,western,4
425,flow,4
489,gieseckedevrient,4
1826,bombay,4
2223,best,4
505,chase,4
1429,forbes,4
2143,proventeq,4
307,shimadzu,4
265,quess,4
356,eagle,4
1404,sector,4
1553,bhilwara,4
376,airport,4
1551,replus,4
233,anarock,4
563,fpc,4
360,distribution,4
560,qatar,4
232,instruments,4
556,mybranch,4
385,avigna,4
525,zoho,4
643,proofpoint,4
510,copeland,4
298,elevator,4
590,electricals,4
504,jpmorgan,4
1612,logicladder,4
1385,corporate,4
1376,dunamis,4
1362,secure,4
662,mena,4
660,mypath,4
649,g,4
222,eastern,4
203,alliance,4
230,ni,4
226,world,4
1329,datacenters,4
1328,ctrls,4
1305,kec,4
675,cgi,4
668,daikin,4
667,apac,4
689,artech,4
2270,reuters,4
2269,thomson,4
1237,formerly,4
708,foundation,4
196,atos,4
192,trading,4
726,ubs,4
752,globant,4
1190,roche,4
1185,gartner,4
730,vantara,4
697,accion,4
182,uptime,4
179,ideaforge,4
2301,pnc,4
2312,bharati,4
1165,modular,4
1161,packard,4
1160,hewlett,4
1147,coaching,4
756,optimum,4
2330,fibre,4
2329,grasim,4
900,baird,4
798,boutique,4
1099,nielseniq,4
1097,wealth,4
746,symphonyai,4
131,sasken,4
89,capstone,4
1064,marine,4
805,creative,4
119,codes,4
116,mphasis,4
1062,next,4
1053,bandm,4
1035,republic,4
818,citizens,4
1026,community,4
2467,aemo,4
2466,operator,4
832,asml,4
2450,intellicus,4
2421,wesco,4
2414,circana,4
825,ibm,4
824,apptio,4
960,swan,4
841,sales,4
78,birla,4
77,aditya,4
2605,forge,4
52,owens,4
2564,isource,4
58,oswal,4
1866,glass,4
422,usa,4
4,cluster,4
2572,stanley,4
2571,morgan,4
494,aker,3
466,diwan,3
2000,micron,3
2031,marquardt,3
2024,ashe,3
2014,haier,3
359,bd,3
355,managment,3
352,estates,3
315,pure,3
1648,cloudera,3
1647,americas,3
1644,five,3
1624,gws,3
516,cybertech,3
515,sats,3
513,commvault,3
2115,crane,3
2092,designimpact,3
1609,boomi,3
1605,smith,3
1599,novartis,3
1593,avlino,3
533,zeiss,3
529,watson,3
528,wenger,3
2043,idex,3
2042,hach,3
327,qio,3
1589,investment,3
1588,mas,3
1587,sinar,3
1586,app,3
1580,trust,3
1577,techart,3
1572,delta,3
1568,bureau,3
550,techemerge,3
546,cornerstone,3
541,pinnacle,3
314,genpact,3
1555,quantum,3
1546,nexteer,3
559,resources,3
299,iss,3
2129,cancer,3
292,aptia,3
1534,equinix,3
1527,desmet,3
1503,al,3
1500,visukhi,3
1499,vernova,3
1558,tbsi,3
2230,caterpillar,3
277,digi,3
244,iq,3
574,digixpert,3
1493,jbm,3
599,regal,3
1477,car,3
1476,all,3
1538,environmental,3
2215,intelliglobe,3
2212,vagrms,3
2197,qualis,3
243,elevate,3
239,nxtra,3
237,computers,3
234,acuity,3
252,socomec,3
225,ecolab,3
1472,emirates,3
1464,bigit,3
1455,uflex,3
611,incture,3
605,association,3
601,procreator,3
646,curefit,3
632,chillies,3
600,rexnord,3
1444,jpmorganchase,3
1432,society,3
1426,total,3
1424,arvillium,3
626,protoconvert,3
625,laiye,3
622,gstamp,3
2243,imrb,3
2242,rfid,3
2241,itek,3
2238,target,3
2234,unilever,3
2233,saama,3
616,itc,3
1412,affairs,3
1410,nrusimha,3
1402,architecture,3
1388,bangalore,3
858,equipments,3
647,house,3
666,skidata,3
665,pritchard,3
1303,florida,3
1382,british,3
1377,hemma,3
1921,plc,3
2508,humana,3
1361,mnc,3
1359,worley,3
1353,alstom,3
2500,colgatepalmolive,3
903,neurealm,3
654,manta,3
2601,acmology,3
2587,outfitters,3
221,central,3
206,videonetics,3
898,film,3
2492,cvs,3
228,scribeemr,3
82,santeware,3
1348,job,3
1344,emsphere,3
935,flex,3
933,assessors,3
1315,swackit,3
1314,zscaler,3
932,loss,3
676,worldline,3
931,surveyors,3
930,protocol,3
929,ripplehire,3
707,key,3
706,kinetics,3
704,aci,3
1302,uvik,3
1289,ecozen,3
1286,natural,3
1284,incorporated,3
1278,on,3
1271,chapter,3
1262,canada,3
1260,ag,3
1257,w,3
692,sonata,3
691,microland,3
922,family,3
648,cult,3
184,leadsoc,3
2279,unfi,3
2277,thoughtworks,3
2275,tcs,3
2273,suisse,3
1952,department,3
402,grid,3
2265,michigan,3
1245,msys,3
1244,aziro,3
1242,sisoc,3
1238,pioneer,3
396,fresenius,3
1230,rev,3
711,emeritus,3
1928,technological,3
197,advent,3
1925,developers,3
195,hardwin,3
370,foundries,3
696,akkodis,3
1215,excellence,3
1211,intech,3
1208,managed,3
1195,player,3
1194,epc,3
1192,leading,3
1859,critical,3
722,tvs,3
719,council,3
716,plastics,3
1253,events,3
1857,cai,3
713,aionos,3
1850,okta,3
1845,wtw,3
734,lti,3
436,apptware,3
427,legrand,3
1741,two,3
1828,trendsetter,3
169,alleyoop,3
1825,swagelok,3
2300,mortgage,3
2299,ice,3
2296,tsystems,3
2295,railroad,3
2291,kyndryl,3
2317,hospital,3
2316,speciality,3
2315,abhinav,3
2314,ushahkal,3
2313,shipyard,3
1787,engg,3
1167,safety,3
1781,flame,3
1780,uib,3
1776,fertilizers,3
1159,rotex,3
1158,coleman,3
1157,bennett,3
1154,solar,3
1775,rashtriya,3
451,page,3
2337,rewardz,3
2336,loylty,3
450,michael,3
409,syngene,3
745,seasons,3
744,four,3
1143,lanxess,3
368,biosciences,3
1137,peoplenest,3
1135,masibus,3
768,schwarz,3
767,rohde,3
761,servosys,3
1170,elxsi,3
2321,rockefeller,3
2319,arctera,3
366,general,3
797,nokia,3
1112,enhancer,3
1111,cv,3
1104,sify,3
364,brand,3
1098,tyco,3
390,place,3
1088,learning,3
1081,doyen,3
790,teamfocus,3
785,manufacturing,3
780,nous,3
389,great,3
2342,prometteur,3
2338,mngt,3
2400,trainings,3
2378,u,3
2360,volkswagen,3
2352,igt,3
2346,ia,3
2344,recycling,3
134,government,3
386,fis,3
383,lucid,3
776,qualcomm,3
1073,tessolve,3
1753,ligman,3
806,aaryav,3
1747,bdx,3
803,coforge,3
802,chain,3
2408,minnesota,3
1746,clarivate,3
117,shivrai,3
1745,campers,3
111,vyaire,3
1744,necessities,3
1743,bare,3
1050,various,3
1049,hytech,3
1742,hard,3
1987,ovation,3
1027,d,3
1974,om,3
1022,sva,3
1020,drs,3
1019,leonardo,3
1963,offshore,3
2084,scopesys,3
2462,infocepts,3
1138,anblicks,3
975,end,3
974,front,3
971,vayuvoy,3
834,elekta,3
460,minivel,3
831,zimperium,3
1720,omniconn,3
2449,automationedge,3
2435,intuit,3
1719,techstream,3
1718,bict,3
2413,progressive,3
857,truestar,3
828,south,3
1715,jci,3
1707,talentahead,3
962,nixdorf,3
961,diebold,3
478,germany,3
952,science,3
854,goldback,3
848,london,3
474,guardian,3
949,king,3
1007,agiliad,3
369,aneya,3
508,newedge,3
74,splunk,3
2593,song,3
507,syndrome,3
32,baker,3
1700,mchugh,3
906,haxcamp,3
1699,eversana,3
2561,gap,3
2556,wiley,3
2549,infosystem,3
2532,sce,3
2531,edison,3
2530,southern,3
33,hughes,3
1688,exl,3
2511,rakuten,3
894,talents,3
885,datacom,3
1920,rs,3
1914,club,3
1897,xp,3
1896,zentelai,3
1881,figma,3
1687,hd,3
1679,networks,3
418,weatherford,3
1,riyadh,3
503,tides,3
502,dune,3
496,softcell,3
2570,mercurius,3
36,linedata,3
100,bahrain,3
25,cassioli,2
2599,valency,2
51,amchambrasil,2
877,qorvo,2
874,apollo,2
872,generac,2
2597,ampcus,2
2560,mckinsey,2
2559,nascent,2
2557,dauch,2
2553,viewpoint,2
2551,owner,2
2550,autointell,2
899,combine,2
896,ref,2
895,beijer,2
893,ave,2
2598,asurion,2
2602,couchbase,2
7,edelweiss,2
861,messe,2
860,adobe,2
859,cotrols,2
918,mould,2
917,hyx,2
916,pepsico,2
915,digichefs,2
913,baer,2
912,julius,2
2547,hcl,2
2546,lancesoft,2
2544,skypoint,2
2543,brain,2
2542,nextgen,2
2537,perficient,2
2535,nitor,2
2534,deriv,2
920,uga,2
870,extiu,2
868,tanks,2
867,ces,2
866,humanitics,2
865,shiskhan,2
862,muenchen,2
2527,ukg,2
2525,onward,2
2524,saatvik,2
68,iks,2
64,idea,2
63,vodafone,2
56,metso,2
2517,origin,2
2514,infinite,2
2510,novotree,2
2509,lovelytics,2
946,r,2
938,exponent,2
937,celeros,2
2494,procdna,2
2493,nudgebee,2
2490,mindbowser,2
2487,verizon,2
2486,mastech,2
2480,playford,2
2478,adeona,2
2476,zenius,2
2474,cuboid,2
87,albireo,2
81,heineken,2
964,cisco,2
958,infologies,2
957,ibtions,2
956,shells,2
955,equip,2
953,corona,2
851,memorial,2
850,veear,2
846,tas,2
2465,anz,2
2464,amdocs,2
2461,bmc,2
2460,roblox,2
103,nuflow,2
96,machinery,2
92,takaful,2
982,kapdaa,2
91,gig,2
2451,panzura,2
2445,gurukul,2
2441,mayilabs,2
2433,metyis,2
2432,act,2
2431,aarete,2
2422,hashicorp,2
2419,bluevine,2
2418,tcg,2
2417,wex,2
2409,marlabs,2
115,callerdesk,2
113,aurionpro,2
110,angloeastern,2
109,wukad,2
104,deltadatatech,2
996,investments,2
995,wealthtree,2
994,pearson,2
993,nd,2
992,addrec,2
989,district,2
987,media,2
986,velocity,2
985,syndigo,2
984,riversand,2
983,printona,2
2407,agilus,2
2406,sullivan,2
2405,frost,2
2402,holding,2
2401,bunker,2
2399,k,2
2398,vivicta,2
2394,bp,2
2393,nordstrom,2
2392,facebook,2
2391,anb,2
1018,bell,2
1015,rrc,2
1009,copco,2
1008,atlas,2
2388,maxxton,2
2385,zluri,2
2384,wolf,2
2383,arctic,2
2381,haleon,2
2377,healthark,2
2374,oman,2
813,delhi,2
812,bses,2
810,elatec,2
809,austere,2
1031,morningstar,2
1030,sterlite,2
1028,v,2
1023,bend,2
1021,virtusa,2
2368,chartered,2
2367,standard,2
2365,inteliment,2
2364,aku,2
2362,idfl,2
2361,infoblox,2
2359,kantar,2
2357,hero,2
2356,delivery,2
1043,concierge,2
1042,color,2
1041,desicca,2
1037,electro,2
1036,crown,2
1034,housing,2
1032,sick,2
823,karkinos,2
2355,engines,2
2354,kirloskar,2
2353,ezest,2
2351,impetus,2
2348,konverge,2
2347,analytica,2
124,accuris,2
120,univlabs,2
792,accrete,2
1057,corner,2
1054,hk,2
1052,shanghai,2
1051,organizations,2
1048,partners,2
2339,wachovia,2
2335,technolabs,2
2334,panini,2
2333,valuelabs,2
2332,executive,2
2331,radium,2
2328,lp,2
151,collabrios,2
145,veracitiz,2
777,outsystems,2
1077,maire,2
1075,dormakaba,2
1070,hclsoftware,2
1069,cargill,2
1065,hafele,2
807,beyondrisx,2
804,edc,2
794,ease,2
136,tamkeen,2
159,amk,2
176,ee,2
175,employersemployees,2
173,qit,2
1089,taghive,2
1087,eduriser,2
791,krisv,2
2298,imperial,2
2293,coromant,2
2292,sandvik,2
2286,oportun,2
2282,experian,2
198,creysto,2
194,board,2
188,blockstars,2
2278,andesite,2
2268,demand,2
2267,fitness,2
201,securities,2
224,regions,2
223,northern,2
218,mcdonalds,2
216,humancapital,2
2263,contour,2
2262,axs,2
2261,interac,2
1107,sharing,2
1096,sagestone,2
1095,start,2
2257,citec,2
2253,collision,2
2251,division,2
2250,ghodawat,2
2249,sanjay,2
2245,people,2
2244,perfect,2
760,dr,2
1127,mckinstry,2
1126,knot,2
1125,rugged,2
1123,hatim,2
1122,earth,2
1119,cleverciti,2
1116,telemedia,2
1114,video,2
2236,team,2
2235,dotcom,2
2232,properties,2
236,sigmabyte,2
235,brands,2
254,hikvision,2
253,prama,2
1139,para,2
1136,intuismart,2
1134,informatics,2
1133,sm,2
1132,matrixsolution,2
772,mobility,2
771,raja,2
770,amara,2
2229,rail,2
2228,progress,2
2227,nvent,2
2226,hiring,2
2221,volen,2
2217,bits,2
2216,curai,2
279,unacademy,2
273,yethwik,2
272,elfc,2
270,inav,2
1152,intellicene,2
1151,aggreko,2
1150,realme,2
1148,horizon,2
1146,leadership,2
1145,grow,2
1144,change,2
757,ola,2
751,sureworks,2
749,ennvee,2
748,aspen,2
728,siliconexpert,2
1175,minfy,2
1172,liontree,2
1164,gm,2
1163,abc,2
1162,invixium,2
2214,communities,2
2213,avalonbay,2
2210,equifax,2
2209,talentpundits,2
2208,zs,2
2206,hsbc,2
2200,lord,2
2199,parker,2
2195,sanger,2
2194,wellcome,2
2190,datahub,2
2186,altair,2
2185,viridium,2
2182,nextdata,2
2181,satara,2
2180,poly,2
712,zf,2
1187,amazure,2
1176,sons,2
742,linkedin,2
741,nlb,2
737,c,2
2177,fundaz,2
2174,dandawate,2
2173,yogesh,2
2168,centaur,2
290,connexion,2
288,mcdonnell,2
287,burns,2
284,sruhad,2
280,intuitive,2
1203,dm,2
1202,aster,2
1201,mgi,2
1200,enertech,2
1199,clarios,2
1196,recruiters,2
727,ims,2
721,clodura,2
720,plexconcil,2
718,promotion,2
715,wll,2
698,anatomizd,2
1223,ingersoll,2
1222,ibtech,2
1218,tenneco,2
1210,idbi,2
1206,hospitals,2
2165,bancorporation,2
2164,zions,2
2163,domo,2
2161,quellant,2
2160,scottfree,2
2156,fico,2
2155,lloyds,2
2151,gozoop,2
2150,hawk,2
1229,wavin,2
1227,cph,2
1226,rnsit,2
1225,compressor,2
1224,rand,2
710,emphorasoft,2
705,tenarai,2
2147,jevvrs,2
2139,lab,2
311,ricard,2
310,pernod,2
297,tk,2
2135,varroc,2
2132,chempharma,2
2130,renewable,2
2128,canadian,2
2127,bitwise,2
2122,globalstep,2
2120,pertemps,2
324,beverage,2
323,suntory,2
2119,adaptive,2
683,recruit,2
681,adecco,2
1255,magnetic,2
1254,vsoft,2
1251,future,2
1246,praxair,2
1241,logic,2
2118,macdonald,2
2117,mott,2
2116,thryv,2
2114,james,2
2113,oliver,2
2110,gusto,2
2107,intellify,2
2105,retelzy,2
2103,pmanifold,2
2099,shutterfly,2
1261,esuntech,2
1259,rollsroyce,2
690,hiringreferrals,2
685,alpha,2
2098,universal,2
2096,benchmark,2
2090,ecs,2
341,forum,2
334,accelq,2
1285,thoughtrains,2
1282,gapcrud,2
1272,mastek,2
1268,efy,2
2087,dabbas,2
2086,delicious,2
2080,technoidentity,2
2071,present,2
2070,september,2
2069,victors,2
2068,fund,2
2067,endowment,2
2066,federation,2
2065,jewish,2
2051,faucets,2
2048,flexim,2
2046,graviss,2
669,hid,2
664,gxpress,2
1300,icici,2
1299,generale,2
1298,societe,2
1293,time,2
1292,linkin,2
1291,rambus,2
2034,yalo,2
2033,syinfotech,2
2028,senatria,2
2023,icb,2
2021,techbean,2
2019,scoop,2
2012,colorado,2
2010,beacon,2
2009,sai,2
2008,frontieresmsf,2
351,agarwal,2
2007,sans,2
2006,medecins,2
1312,rise,2
1304,cyfuture,2
679,vevolve,2
674,inspire,2
2004,fortna,2
2003,messtechnik,2
2002,rheonik,2
2001,zaggle,2
1997,vighnaharta,2
1989,stuart,2
1333,commerceiq,2
1330,spectra,2
1326,relations,2
1325,henan,2
1324,mithra,2
1323,loan,2
1321,gomark,2
1318,white,2
1317,danfoss,2
1988,spencer,2
1977,adik,2
1976,ramrao,2
1975,ullu,2
1973,hari,2
1972,atrangii,2
1965,nhance,2
1962,halliburton,2
367,gufic,2
365,conversations,2
363,currynation,2
388,riverside,2
1957,ams,2
651,signum,2
650,identity,2
1346,looking,2
1342,technotude,2
1341,petronet,2
1339,gujarat,2
1955,cybernectics,2
1954,eutech,2
1950,school,2
1947,oy,2
1946,eniram,2
1945,teecom,2
1944,midmark,2
405,partner,2
404,cloudfronts,2
403,axcess,2
401,nrs,2
1365,trg,2
1363,innovative,2
1356,milliporesigma,2
663,orient,2
661,callidus,2
658,vfm,2
653,innominds,2
652,forevo,2
400,adarsh,2
395,atleos,2
394,ncr,2
1943,tesla,2
1940,swastik,2
1939,wootag,2
1937,belimo,2
1935,sustain,2
636,bradsol,2
635,vontier,2
633,angi,2
1383,columbia,2
1381,moksh,2
1379,advance,2
1375,chemtrols,2
1369,cim,2
1366,screen,2
1394,idcube,2
1393,kompany,2
1392,educare,2
1390,premium,2
1389,thyrocare,2
644,yash,2
642,sixsense,2
641,softinvest,2
1931,ellis,2
1930,krohne,2
1927,nanyang,2
1924,prl,2
1923,clp,2
1919,veatch,2
1917,claroty,2
1913,basketball,2
1912,titans,2
619,globalfoundries,2
1413,tismo,2
1411,flexera,2
1409,mapping,2
1408,nexus,2
1405,certified,2
1403,public,2
1397,greenwave,2
1911,ndy,2
1910,ptsg,2
1909,premier,2
1908,wood,2
1906,medigreet,2
1905,chillers,2
1902,akrobourn,2
1901,laboratories,2
1900,accutest,2
1895,saw,2
1428,valeo,2
1416,shopee,2
629,bizware,2
620,mimecast,2
1891,yubi,2
1889,intelligent,2
1888,oztech,2
1887,dsgio,2
1886,coee,2
1877,seatrium,2
1874,guill,2
1873,ergoniq,2
1870,havtech,2
1868,tiktok,2
1867,lawell,2
1865,asahi,2
1864,candj,2
417,startup,2
415,stealth,2
412,technopals,2
1446,ascentrack,2
1441,milwaukee,2
1436,experience,2
1435,metaverse,2
1434,metaversetm,2
1433,banglore,2
1854,int,2
1847,combustion,2
1846,fives,2
1844,resorts,2
1843,hotel,2
1460,dana,2
1456,avp,2
1451,nordea,2
1449,holcim,2
615,ssandc,2
613,signals,2
612,revvity,2
609,renoirce,2
1842,paulson,2
1841,torquelabs,2
1839,lifecycle,2
1835,t,2
437,linkedloops,2
434,finity,2
433,cnh,2
430,groupe,2
429,publicis,2
587,calidad,2
1478,samsara,2
1475,nayara,2
1471,berger,2
1469,novonesis,2
1468,signify,2
1462,desri,2
1824,far,2
1823,acoustics,2
1822,nap,2
1821,ugl,2
1820,swedish,2
1819,atkinsrealis,2
1818,transtech,2
1817,vijay,2
1815,facilities,2
1491,havells,2
1489,luxoft,2
1485,pmi,2
597,taal,2
594,tiaa,2
592,kent,2
1810,oase,2
1809,gray,2
1808,chuck,2
1806,qatarenergy,2
1804,grundfos,2
1803,hrm,2
1802,stones,2
1507,kaynes,2
1506,gridcrest,2
1504,misnad,2
1502,galfar,2
580,hospitality,2
575,webvillee,2
572,turbina,2
571,aelius,2
570,sydler,2
1793,ball,2
1786,cleanroom,2
1785,garde,2
1784,avant,2
1777,sikraft,2
1773,amsimr,2
1771,staffing,2
1770,randstand,2
455,simpligrow,2
453,alosanar,2
452,systel,2
447,airo,2
1524,arc,2
1522,outsourcing,2
1521,sequel,2
1516,soais,2
1515,cerus,2
1514,panametrics,2
1513,root,2
1510,coulter,2
1509,beckman,2
1508,mandg,2
442,ikea,2
1764,help,2
1763,happy,2
1758,make,2
1756,monash,2
554,envista,2
1541,image,2
1540,ideal,2
1539,thyssenkrupp,2
1525,compsoft,2
1749,autodesk,2
1748,agilewow,2
1739,burkert,2
1736,brainsquare,2
470,mint,2
469,commence,2
464,prime,2
463,embedded,2
462,smarte,2
461,pcvue,2
459,testingxperts,2
457,neosoft,2
1735,grandiose,2
1559,aura,2
1556,leap,2
1550,unique,2
1548,lean,2
1544,venturesoft,2
567,memory,2
566,changxin,2
557,areeb,2
1732,immersive,2
1731,distech,2
1725,nederman,2
1570,county,2
1569,veritas,2
1567,freight,2
1563,automated,2
1560,upstat,2
548,mannara,2
1713,cells,2
1712,q,2
1711,hanwha,2
1710,moro,2
1706,aec,2
487,bqa,2
486,authority,2
485,quality,2
475,dqlabs,2
473,carmax,2
472,infrar,2
1697,dalton,2
1696,philosophy,2
1695,sant,2
1694,bunge,2
1692,sterling,2
1689,travel,2
1685,hiver,2
521,chamberlain,2
1591,branding,2
1590,phoenix,2
1584,magazine,2
1583,tecbiz,2
1582,omvi,2
1579,mckinnon,2
1578,columbus,2
1574,advisors,2
1573,ixa,2
1602,ayanworks,2
1600,ascom,2
1594,multisorb,2
532,saletancy,2
526,sensehr,2
524,spice,2
523,herbs,2
522,jayanti,2
1682,ergo,2
1681,omega,2
1676,meter,2
1675,badger,2
1674,bitc,2
1672,polycab,2
500,virtuoso,2
1622,factomart,2
1621,f,2
1617,warwick,2
1611,express,2
1608,solv,2
1606,nab,2
1670,fidius,2
1669,domis,2
1668,aande,2
1667,unify,2
1664,livguard,2
1663,entertainment,2
1662,kings,2
1660,gmmco,2
1636,awebsolutions,2
1635,organic,2
1634,purefarms,2
1633,reliable,2
517,digitide,2
514,qualitrix,2
512,pylar,2
1654,pharma,2
1653,piramal,2
1652,casadigi,2
1650,epsilon,2
1646,traxyl,2
1645,nine,2
1643,stventures,2
1637,at,2
2567,refactor,2
2566,dataware,2
2565,meviak,2
2563,provider,2
2562,large,2
892,murray,2
891,armagard,2
884,cable,2
883,hathway,2
882,strongtie,2
881,simpson,2
880,ind,2
2577,collective,2
2576,dot,2
2596,customized,2
2595,atturra,2
2592,comsense,2
2588,costonomy,2
2586,bhssyen,2
2585,akamai,2
2573,more,1
2589,lamons,1
2590,basrur,1
2591,uniseal,1
2594,pdsvision,1
2574,peace,1
905,joules,1
902,paisa,1
2604,agdata,1
2603,meeraq,1
2600,alexion,1
2583,silver,1
2582,qualys,1
2581,metro,1
2580,elkay,1
856,toyo,1
914,oakes,1
911,charity,1
910,nav,1
909,social,1
908,official,1
907,kunvarji,1
1604,cdm,1
491,karbon,1
490,glove,1
1666,instrument,1
1665,spm,1
1661,mtc,1
1658,outreach,1
1657,lime,1
1656,creation,1
1632,intelizign,1
1630,pine,1
1629,just,1
1628,esi,1
1627,initiatives,1
1626,savings,1
1625,lkq,1
1678,alto,1
1677,palo,1
1673,allcom,1
497,azaalea,1
495,genista,1
493,contractzy,1
492,card,1
506,hirewithlumi,1
1620,publishing,1
1619,yaffa,1
1618,xperi,1
1616,navirego,1
1615,kelkar,1
1614,flavours,1
1613,keva,1
1607,dinziner,1
520,cnc,1
1585,shella,1
1581,travelcloth,1
1576,signages,1
1575,pca,1
1571,parks,1
1603,pfizer,1
1601,datasite,1
1598,pradman,1
1597,planit,1
1596,caladan,1
1595,inova,1
1592,teledyne,1
531,infojini,1
1684,paramatrix,1
1683,bmw,1
542,nelvian,1
540,acme,1
1709,performance,1
1708,peak,1
1705,kforce,1
1704,lam,1
482,intermediaries,1
481,chandarana,1
480,marwadi,1
479,datainfa,1
1703,cymer,1
1702,scoopwhoop,1
1701,cleanhub,1
1698,meteorology,1
1693,freshworks,1
1686,sierrablue,1
1727,leaf,1
1726,kraftsmen,1
1723,arcon,1
1722,zero,1
1721,net,1
1717,mccrometer,1
1716,alerton,1
1714,ups,1
1566,ytcw,1
1565,dodsal,1
1564,qs,1
1562,gov,1
1561,local,1
551,techint,1
549,surge,1
545,dharma,1
1750,guidant,1
1740,osisoft,1
458,adaniconnex,1
539,almoayyed,1
538,gridstar,1
537,naib,1
1557,passivelogic,1
1549,midas,1
1545,williams,1
562,microfin,1
561,svatantra,1
1734,elemac,1
1733,mabani,1
1730,indonesia,1
1729,pt,1
1728,airconditioning,1
1760,orourke,1
1759,laing,1
1755,water,1
1754,nalco,1
1752,punjab,1
555,ahli,1
553,opentext,1
1543,delight,1
1542,country,1
1536,osler,1
1535,william,1
1533,shipping,1
1530,insights,1
1529,avanceon,1
1528,actemium,1
1526,rackspace,1
454,sinch,1
446,exein,1
445,sp,1
444,polska,1
1520,hospitalindia,1
1519,child,1
1518,mother,1
1517,borneo,1
1512,veeder,1
1511,gilbarco,1
443,bre,1
1767,shapoorji,1
1766,petrochem,1
1765,mars,1
1762,dubai,1
1761,cml,1
1797,mart,1
1795,meta,1
1794,beltron,1
1792,gramin,1
1791,bengal,1
1790,west,1
1789,abhisam,1
1788,clark,1
1783,multinational,1
1782,another,1
1779,porcess,1
1778,forestlinc,1
1774,resource,1
1772,deci,1
1769,averyt,1
1768,pallonji,1
1813,banner,1
1812,property,1
1811,cromwell,1
1807,etco,1
1805,teachers,1
1801,farms,1
1800,bee,1
1799,bodhi,1
1798,runding,1
1498,gigico,1
1497,acorn,1
581,coco,1
579,aures,1
1495,japan,1
1494,from,1
1492,optos,1
424,hydronic,1
1831,electromechanical,1
1830,kahrman,1
1829,hypercity,1
1827,bbp,1
1814,virtela,1
1488,samgnya,1
1487,cdot,1
1486,iitm,1
1484,mbition,1
1483,xeedo,1
1481,components,1
1480,electronic,1
596,aviation,1
595,seattle,1
593,neev,1
1837,supreme,1
1836,grattitude,1
1833,prometheus,1
438,keysight,1
435,prodisyn,1
431,nestle,1
588,altera,1
586,turbodms,1
585,cmtg,1
584,ionq,1
1479,motherson,1
1474,ethika,1
1467,educatalyster,1
1466,biomedicals,1
1465,transasia,1
426,imi,1
1860,kohler,1
1856,spartan,1
1853,appopoleis,1
1852,callebaut,1
1851,barry,1
1849,brady,1
1848,asp,1
1461,octave,1
1458,haleys,1
1457,easyleap,1
1454,centereiic,1
1452,epam,1
1448,systek,1
614,prodigal,1
610,afti,1
1840,adnoc,1
421,advantech,1
413,cielo,1
607,windsmit,1
606,arai,1
1447,advanced,1
1445,wasan,1
1443,humanity,1
1442,habitat,1
1440,hpl,1
1439,nocompany,1
1437,thermax,1
1431,ecological,1
410,fujitsu,1
1863,airtrunk,1
1862,bath,1
1861,kitchen,1
624,nec,1
623,vetty,1
1892,intrado,1
1890,conservatory,1
1885,pictures,1
1884,utv,1
1883,wholesalers,1
1882,arb,1
1880,podar,1
1879,tourism,1
1878,vistagreen,1
1876,chesapeake,1
1875,constellation,1
1872,focal,1
1871,pavion,1
423,aalberts,1
1907,aimil,1
1903,emeasy,1
1899,austria,1
1898,advantage,1
1894,fool,1
1893,motley,1
1427,systemsatss,1
1425,active,1
1423,dakota,1
1422,position,1
1421,volunteer,1
1420,baseball,1
1419,innisfil,1
1418,autonomo,1
1417,lavoratore,1
630,brio,1
637,six,1
1932,sea,1
1929,niha,1
1926,itium,1
1922,ways,1
1918,ex,1
1916,malaysia,1
1915,atech,1
1415,healthgadgets,1
1414,mnpr,1
1407,codasyncs,1
1406,volt,1
1401,secureinteli,1
1400,paper,1
1398,century,1
1396,region,1
1934,soul,1
1933,feed,1
1380,coolind,1
1374,ignition,1
1373,interlock,1
1372,lifesafer,1
1371,scram,1
1368,me,1
1367,talenttech,1
1395,halton,1
1387,carl,1
1386,heavy,1
1384,regenesys,1
645,neilsoft,1
639,qiddiya,1
638,flags,1
1948,rock,1
406,astral,1
1364,peltek,1
1360,japanese,1
1358,cook,1
1357,thomas,1
1355,axalta,1
1354,sourcepep,1
1352,fnpbc,1
657,finfactor,1
398,bradstreet,1
397,dun,1
1942,electrotek,1
1941,hager,1
1938,veolia,1
1936,vae,1
378,revspire,1
1959,panalytical,1
1958,malvern,1
1351,cohn,1
1350,shelly,1
1349,offers,1
1347,opportunities,1
1345,tmeic,1
1343,transformative,1
1338,kutchhi,1
1337,anchor,1
1336,shah,1
1335,eastman,1
1956,haroon,1
1951,avantor,1
1949,hill,1
1986,sonomatic,1
1985,axis,1
1984,omkar,1
1983,iande,1
1982,elite,1
1981,nirtech,1
1980,egypt,1
1979,mri,1
1978,eta,1
1971,fuji,1
1970,application,1
1969,specialist,1
1967,analyzer,1
1961,unplugged,1
1960,wika,1
375,guwahati,1
1999,break,1
1998,career,1
1996,kale,1
1995,accelya,1
1994,slalom,1
1993,epiroc,1
1992,ica,1
1991,nott,1
1990,projective,1
1334,ssm,1
1332,vcare,1
1331,realix,1
1327,omron,1
1322,josatdraft,1
1320,braincranx,1
1319,amadeus,1
2011,caring,1
345,rv,1
344,photography,1
1316,suvidha,1
1313,adhrit,1
1311,raatronics,1
1310,datamatics,1
1309,optik,1
1308,ronak,1
1307,concepts,1
1306,pentagon,1
678,texecom,1
677,hat,1
673,device,1
672,alarm,1
2005,borregaard,1
2037,jijus,1
2036,financing,1
2035,policy,1
2032,fze,1
2030,instrutech,1
2029,inficon,1
2027,barone,1
2026,madbull,1
2025,bhusshanart,1
2022,recon,1
2020,cenpune,1
2018,decorations,1
2017,neighborhood,1
2016,toys,1
2015,rashmi,1
2013,mountains,1
2049,muthoot,1
2047,rwe,1
2045,cyber,1
2044,cyro,1
2041,story,1
2040,tell,1
2039,words,1
2038,oral,1
671,armor,1
670,maple,1
1297,rsi,1
1296,supporters,1
1295,controlware,1
1294,flancetech,1
1290,goignis,1
1288,sharjah,1
2074,head,1
2073,dst,1
2072,stichting,1
2064,thcolorado,1
2063,meettechniek,1
2062,wereldleiders,1
2061,denemarken,1
2060,en,1
2059,belgie,1
2058,nederland,1
2057,mitutoyo,1
2056,boulder,1
2055,remodel,1
2054,maintenance,1
2053,residentialcommercial,1
2052,rms,1
1275,ranked,1
1274,paving,1
1273,eco,1
1270,surat,1
1269,fsai,1
332,grand,1
331,sarovar,1
330,dxc,1
329,surfe,1
2083,builders,1
2082,model,1
2079,consltancy,1
2078,indore,1
2077,sage,1
2076,computing,1
2075,professor,1
2093,virtue,1
2089,aerospace,1
2088,nimbus,1
343,touch,1
342,saints,1
338,salesedge,1
336,integrated,1
335,techtammina,1
333,hometel,1
1287,expo,1
1283,corning,1
1281,nakrani,1
1280,antal,1
1279,profit,1
1277,growing,1
1276,fastest,1
2104,nebory,1
2102,kbr,1
1267,termotec,1
1266,environments,1
1265,burr,1
1264,yarn,1
1263,lion,1
1258,gupshup,1
1256,plus,1
694,coreel,1
693,clariant,1
688,now,1
687,scale,1
686,antim,1
2095,iag,1
2094,ambiata,1
2123,cosmos,1
322,elaron,1
317,vicon,1
682,bss,1
1250,groundhog,1
1249,jdbims,1
1247,manipal,1
1243,noida,1
1239,kidde,1
1236,everpure,1
1235,bryair,1
1234,smefinserve,1
2112,confederation,1
2109,incentives,1
2108,aligned,1
2106,kolam,1
700,vrp,1
699,enlite,1
2148,mea,1
2146,way,1
2145,ahnung,1
2144,databricks,1
2142,nexapp,1
2138,coaction,1
2137,datascan,1
2136,govt,1
301,methaplanet,1
2134,bpm,1
2133,emitec,1
2131,field,1
2125,coep,1
2124,esolutions,1
1207,kkr,1
1205,baby,1
2167,awards,1
2166,event,1
2162,shriram,1
2157,high,1
2154,foodland,1
2153,radhakrishna,1
2152,welspun,1
1232,fortinet,1
1231,solidaire,1
1228,dt,1
709,electroneek,1
703,mithaiwale,1
702,bandhu,1
701,chitale,1
2170,expleo,1
295,nirmal,1
285,ecu,1
1204,bmh,1
1198,brodersen,1
1197,finastra,1
725,simbus,1
724,mystartupcfo,1
1220,strattec,1
1219,case,1
1217,ejot,1
1216,etihad,1
1214,inner,1
1213,rich,1
1212,menschen,1
1209,platform,1
2184,motors,1
2183,clario,1
1191,evolvere,1
1188,hexagon,1
1186,oshkosh,1
1184,permanente,1
1183,kaiser,1
1181,intellarc,1
1179,futurework,1
740,gears,1
739,sudarshan,1
738,blackrock,1
2179,kbp,1
2176,stlsoft,1
2175,fabs,1
2172,kone,1
1155,waisl,1
1153,ina,1
266,jitendra,1
264,valgenesis,1
2211,clinisupplies,1
2207,justice,1
2205,rises,1
2203,bentley,1
2202,ismt,1
2198,uptiq,1
2196,ascava,1
2193,ram,1
2192,shri,1
2191,tonetag,1
2189,infinity,1
2188,invent,1
2219,drisha,1
274,keppel,1
267,mehta,1
1149,uva,1
759,astrazeneca,1
758,landtcloudfiniti,1
755,homeopathic,1
747,civicsmart,1
733,se,1
732,daw,1
1174,dennison,1
1173,avery,1
1171,buildings,1
1169,deemed,1
1168,gitam,1
1166,sakt,1
242,telebyte,1
238,flaktgroup,1
260,arceus,1
259,acg,1
258,lumen,1
2231,parth,1
1142,austin,1
1140,jbk,1
1131,abec,1
1130,profound,1
1129,restaurants,1
1128,hardcastle,1
775,providence,1
769,cureskin,1
2222,gitlab,1
2220,doshi,1
2255,built,1
2254,bayer,1
2252,prescient,1
2248,faiveley,1
2240,bristlecone,1
2239,core,1
766,billigence,1
765,miller,1
1121,pina,1
1120,intrexx,1
1118,bookstore,1
1117,jarir,1
1115,ked,1
2237,uiin,1
246,cement,1
245,ultratech,1
1113,messung,1
1110,vantage,1
1109,vigorousone,1
1108,analysis,1
1106,academy,1
1105,brixen,1
1103,online,1
1102,teach,1
1101,ef,1
1100,eduramp,1
1094,iru,1
1093,venture,1
1092,stage,1
2260,clinic,1
2259,rasayu,1
2256,woodworks,1
2289,embedsys,1
2288,hexaware,1
2287,cdw,1
2285,maharashtra,1
2284,homoeopathic,1
2283,sawkar,1
2281,kalpataru,1
2280,thoughtspot,1
190,welding,1
189,arsa,1
187,flipkart,1
2276,kpca,1
2271,privatelyheld,1
2266,cooper,1
229,vvdn,1
227,wide,1
786,diemold,1
783,cam,1
782,cad,1
2311,affirma,1
2310,kids,1
2309,with,1
2308,coding,1
2307,professionals,1
2306,discipline,1
2305,mind,1
2304,manashama,1
2303,ameya,1
2302,geakminds,1
2297,agivant,1
2294,chotuai,1
2290,vosyn,1
2320,paykel,1
2318,coreweave,1
153,zes,1
152,zeroerror,1
178,kaartech,1
168,qassim,1
1091,early,1
1090,securetech,1
1086,medtech,1
1085,learnbix,1
1084,tubes,1
1083,apl,1
1080,thinksynq,1
789,onesubsea,1
788,fmcg,1
787,furniture,1
143,nsdl,1
142,tbea,1
140,freastal,1
137,ila,1
1079,eog,1
1076,syserco,1
1072,tohelp,1
1071,terrapay,1
1068,friend,1
801,supply,1
800,dhl,1
2327,medline,1
2326,dockyard,1
2325,mjm,1
2324,hosp,1
2323,poona,1
127,zettabolt,1
2343,stakewith,1
2341,stratkalytics,1
793,sapiens,1
1063,trelleborg,1
1061,velecor,1
1059,inspace,1
1058,suzlon,1
1056,luminasic,1
1055,fusionedge,1
1047,kklein,1
1046,comapny,1
1044,staubli,1
2340,kondana,1
148,belgium,1
144,payments,1
2369,parts,1
2366,des,1
2358,stores,1
1040,wave,1
1039,third,1
1033,toronto,1
822,travelopia,1
820,lauder,1
819,estee,1
817,bridgenext,1
816,neuvays,1
2350,electrofab,1
2349,bartakke,1
2345,dhee,1
135,ypo,1
132,nextera,1
2382,tavant,1
2380,partnership,1
2379,guinness,1
2376,laval,1
2375,alfa,1
815,silverneedle,1
814,blackfrog,1
811,climate,1
808,presecure,1
1029,patel,1
1025,leader,1
1024,insideout,1
2373,tvaska,1
2372,bond,1
2371,consultech,1
2370,strota,1
1017,ploutas,1
1016,bourns,1
1014,nextdc,1
1013,jewellery,1
1012,samaara,1
1011,frontier,1
1010,snow,1
1005,vastotech,1
1004,cargo,1
1003,magik,1
1002,radar,1
1001,markets,1
2390,none,1
2389,neil,1
2387,schools,1
2386,stepan,1
2416,weblinks,1
2415,galaxy,1
2412,recruitment,1
2411,reputed,1
2410,barclaycard,1
108,ebenezer,1
1000,rbc,1
999,homes,1
998,cosmo,1
991,court,1
990,session,1
2404,farm,1
2403,aissms,1
2397,mfg,1
2396,valve,1
2395,valmatic,1
2442,oysterconnect,1
2440,midwest,1
2439,colleges,1
2438,associated,1
2437,aiminds,1
2436,unicore,1
2434,nexcale,1
2430,mccormick,1
2429,pranjali,1
2428,stellantis,1
2427,ses,1
2426,theperfectvoice,1
2425,shree,1
2424,mulay,1
2423,rohini,1
2420,hyderabad,1
839,perfectstrides,1
837,protection,1
836,newage,1
830,commons,1
829,park,1
827,myekonomy,1
826,civico,1
2455,av,1
2454,ishana,1
2453,gavali,1
2452,arvind,1
2448,nhs,1
2447,nottingham,1
2446,centiro,1
2444,acl,1
2443,volansys,1
2459,kipo,1
2458,vehicles,1
2457,piaggio,1
2456,sangamner,1
99,stc,1
98,jio,1
95,teco,1
94,cavitak,1
979,m,1
978,cranes,1
977,favco,1
976,favelle,1
973,maker,1
972,photographer,1
970,beverages,1
969,cocacola,1
2477,moldtek,1
2475,exaze,1
75,starbucks,1
73,federal,1
72,ageas,1
2471,weg,1
2470,drdo,1
2469,establishment,1
967,immigration,1
966,rz,1
965,turing,1
963,fluor,1
853,actrec,1
849,stock,1
847,lseg,1
2468,armament,1
943,aliter,1
942,luna,1
936,bayone,1
2501,takraf,1
2499,ahmedabad,1
2498,ats,1
2497,ezyhire,1
2496,staffington,1
2495,faurecia,1
2491,plm,1
2489,exsams,1
2488,exwalmart,1
2485,sahakari,1
2484,janata,1
2482,aviso,1
2479,designers,1
2512,servcies,1
2507,acceldata,1
2506,user,1
2505,tableau,1
2504,trailblazing,1
2503,sigma,1
845,procurri,1
844,oplossing,1
843,virtual,1
842,sky,1
840,rapidhire,1
950,abdullah,1
948,enation,1
947,rcm,1
945,lodha,1
944,zentrades,1
863,activate,1
2528,fortra,1
2526,cascaid,1
2523,forays,1
2522,strategic,1
2521,wistia,1
2520,uber,1
69,prudent,1
67,loreal,1
60,finserv,1
57,motilal,1
2519,innomatics,1
2518,techcxo,1
2516,coop,1
2515,hindusthan,1
2513,iucaa,1
2548,uhde,1
2545,devices,1
2540,intel,1
2539,daksh,1
2538,concentrix,1
2536,vidyapeeth,1
2533,spark,1
2529,defense,1
934,other,1
928,eiu,1
927,unit,1
926,intelligence,1
925,economist,1
871,upl,1
869,site,1
864,mashiq,1
2575,art,1
2569,lynch,1
2568,merrill,1
29,teceze,1
0,nan,1
55,ceat,1
54,metropolis,1
2584,nirmitee,1
48,enaya,1
45,kuwait,1
876,convergint,1
873,apmot,1
2558,airbnb,1
2555,tutorials,1
2554,ak,1
2552,devoteam,1
519,jyoti,1
518,blissladder,1
1655,vardham,1
1651,grummanbutkus,1
1649,ara,1
1642,mills,1
1641,latrobe,1
1640,lake,1
1639,tupper,1
1638,moment,1
43,cardinal,1
888,schaefer,1
887,capability,1
886,lpl,1
2579,wsp,1
2578,sandp,1
