,word,base_word
0,role,role
1,independent,independent
2,od,od
3,hr,human resources
4,consultant,consult
5,group,group
6,facilitator,facilitator
7,flow,flow
8,game,game
9,host,host
10,lead,lead
11,data,data
12,scientist,science
13,professor,professor
14,it,information technology
15,recruiter,recruitment
16,recruitment,recruit
17,manager,manage
18,iot,iot
19,de,data engineer
20,head,head
21,tcs,tcs
22,latam,latam
23,senior,senior
24,director,director
25,of,of
26,product,product
27,management,manage
28,vice,vice
29,president,president
30,sr,senior
31,solutions,solutions
32,portfolio,portfolio
33,program,program
34,business,business
35,transformation,transformation
36,at,at
37,mundra,mundra
38,port,port
39,sez,sez
40,vp,vice president
41,sales,sales
42,associate,associate
43,partner,partner
44,global,global
45,solution,solution
46,architect,architecture
47,bi,business intelligence
48,etl,extract transform load
49,cofounder,cofounder
50,engineering,engineering
51,chief,chief
52,digital,digital
53,officer,officer
54,assistant,assistant
55,technology,technology
56,avp,assistant vice president
57,industrial,industrial
58,operations,operation
59,manufacturing,manufacturing
60,cmo,chief marketing officer
61,ai,artificial intelligence
62,principal,principal
63,software,software
64,engineer,engineer
65,leader,leader
66,smart,smart
67,consulting,consultant
68,technical,technical
69,process,process
70,tools,tools
71,tech,tech
72,sap,sap
73,founder,founder
74,advisor,advisor
75,practice,practice
76,enterprise,enterprise
77,ceo,chief executive officer
78,talent,talent
79,learning,learning
80,leadership,leadership
81,coes,coes
82,dei,dei
83,developer,developer
84,mentor,mentor
85,ion,ion
86,gamelab,gamelab
87,distinguished,distinguished
88,bigdata,bigdata
89,hadoop,hadoop
90,administrator,admin
91,devsecops,devsecops
92,ml,machine learning
93,ops,operations
94,professional,professional
95,tlis,tlis
96,chairman,chairman
97,managing,manage
98,researcher,researcher
99,staff,staff
100,executive,executive
101,coach,coach
102,engager,engager
103,security,security
104,cto,chief technology officer
105,developmental,developmental
106,worker,worker
107,sustainability,sustainability
108,integrator,integrator
109,large,large
110,deals,deals
111,commercial,commercial
112,project,project
113,cw,cw
114,self,self
115,employed,employed
116,cognizant,cognizant
117,industry,industry
118,delivery,delivery
119,office,office
120,council,council
121,member,member
122,zonal,zonal
123,planner,planner
124,buyer,buyer
125,analyst,analysis
126,projects,projects
127,randd,randd
128,controls,controls
129,optimization,optimization
130,electrical,electrical
131,technologies,technologies
132,employee,employee
133,experience,experience
134,people,people
135,strategy,strategy
136,devops,development operations
137,acquisition,acquisition
138,north,north
139,america,america
140,specialist,specialist
141,relationship,relationship
142,coe,coe
143,dynamics,dynamics
144,,
145,customer,customer
146,engagement,engagement
147,salesforce,salesforce
148,quality,quality
149,name,name
150,india,india
151,leadclient,leadclient
152,services,services
153,intelligence,intelligence
154,intelligent,intelligent
155,managed,managed
156,sottware,sottware
157,analysis,analysis
158,applied,applied
159,thermal,thermal
160,development,develop
161,resident,resident
162,way,way
163,finder,finder
164,centre,centre
165,equipment,equipment
166,retail,retail
167,consumer,consumer
168,goods,goods
169,health,health
170,lifescience,lifescience
171,unit,unit
172,special,special
173,initiatives,initiatives
174,analytics,analysis
175,insights,insights
176,embedded,embedded
177,harware,harware
178,design,design
179,md,md
180,general,general
181,relation,relation
182,online,online
183,reputation,reputation
184,agm,agm
185,supply,supply
186,chain,chain
187,apac,apac
188,digitization,digitization
189,human,human
190,resources,resources
191,coo,chief operating officer
192,artificial,artificial
193,service,service
194,marketing,market
195,americas,americas
196,programs,programs
197,virtual,virtual
198,architecture,architecture
199,credit,credit
200,risk,risk
201,utilities,utilities
202,cfo,chief financial officer
203,krios,krios
204,info,info
205,pvt,pvt
206,ltd,ltd
207,training,training
208,mechanical,mechanical
209,engg,eng
210,deptt,deptt
211,cardiac,cardiac
212,respiratory,respiratory
213,medical,medical
214,devices,devices
215,capex,capex
216,infrastructure,infrastructure
217,resource,resource
218,planning,planning
219,mice,mice
220,partnerships,partnerships
221,alliances,alliances
222,generalist,generalist
223,qualis,qualis
224,engineers,engineer
225,country,country
226,parker,parker
227,hannifin,hannifin
228,account,account
229,partners,partners
230,ecosystem,ecosystem
231,digitate,digitate
232,coating,coating
233,supervisor,supervisor
234,shipbuilding,shipbuilding
235,decision,decision
236,partnership,partnership
237,deputy,deputy
238,semiconductor,semiconductor
239,regional,regional
240,founding,founding
241,designer,design
242,products,products
243,sre,sre
244,pune,pune
245,machine,machine
246,platform,platform
247,si,si
248,owner,owner
249,memberfamily,memberfamily
250,philippines,philippines
251,brand,brand
252,coordinator,coordinator
253,platforms,platforms
254,procurement,procurement
255,organisation,organisation
256,change,change
257,ocm,ocm
258,junior,junior
259,healthcare,healthcare
260,uiin,uiin
261,ambassador,ambassador
262,visualization,visualization
263,operational,operation
264,headtalent,headtalent
265,cloud,cloud
266,first,first
267,atci,atci
268,analytic,analytic
269,body,body
270,electronics,electronics
271,fellow,fellow
272,in,in
273,the,the
274,production,production
275,support,support
276,progam,progam
277,agile,agile
278,pmo,pmo
279,doctor,doctor
280,asset,asset
281,ibm,ibm
282,asia,asia
283,pacific,pacific
284,ii,ii
285,enablement,enablement
286,site,site
287,reliability,reliability
288,distributed,distributed
289,systems,systems
290,science,science
291,computational,computational
292,statistician,statistician
293,various,various
294,roles,roles
295,banking,banking
296,finance,finance
297,presales,presales
298,deliveries,deliveries
299,for,for
300,research,research
301,era,era
302,backend,backend
303,dy,dy
304,esgsustainability,esgsustainability
305,reader,reader
306,branch,branch
307,irc,irc
308,information,information
309,client,client
310,compliance,compliance
311,warehouse,warehouse
312,oran,oran
313,smo,smo
314,airan,airan
315,advanced,advanced
316,programme,programme
317,certificate,certificate
318,performance,performance
319,inside,inside
320,team,team
321,big,big
322,franchise,franchise
323,tavi,tavi
324,structural,structural
325,heart,heart
326,division,division
327,europe,europe
328,uk,uk
329,life,life
330,sciences,sciences
331,udap,udap
332,bfsi,bfsi
333,instructor,instructor
334,accountant,accountant
335,srmgrhr,srmgrhr
336,admin,administrator
337,engineerhvac,engineerhvac
338,standup,standup
339,comic,comic
340,improv,improv
341,grc,grc
342,connected,connected
343,laboratory,laboratory
344,safety,safety
345,environmental,environmental
346,boeing,boeing
347,consutant,consutant
348,obgy,obgy
349,hardware,hardware
350,asstmanager,asstmanager
351,philomath,philomath
352,infotech,infotech
353,casc,casc
354,functional,functional
355,search,search
356,sd,sd
357,strategic,strategic
358,namerica,namerica
359,wipro,wipro
360,student,student
361,counselor,counselor
362,gcp,gcp
363,blockchain,blockchain
364,essential,essential
365,education,education
366,avis,avis
367,budget,budget
368,analytica,analytica
369,innovations,innovations
370,automation,automation
371,factory,factory
372,incharge,incharge
373,migration,migration
374,database,database
375,managertag,managertag
376,centric,centric
377,advisory,advisory
378,srdirector,srdirector
379,ecom,ecom
380,demand,demand
381,forecast,forecast
382,promise,promise
383,pickup,pickup
384,gas,gas
385,electric,electric
386,partnerii,partnerii
387,founderchief,founderchief
388,governing,governing
389,network,network
390,banks,banks
391,media,media
392,publishing,publishing
393,scrum,scrum
394,master,master
395,public,public
396,relations,relations
397,soft,soft
398,skill,skill
399,azure,azure
400,cost,cost
401,itqa,itqa
402,utility,utility
403,web,web
404,applications,applications
405,ivr,ivr
406,iva,iva
407,socalgas,socalgas
408,order,order
409,fraud,fraud
410,scam,scam
411,cyber,cyber
412,application,application
413,intern,intern
414,stratgy,stratgy
415,governance,governance
416,plantoproduce,plantoproduce
417,expert,expert
418,visiting,visiting
419,faculty,faculty
420,mom,mom
421,retired,retired
422,commerce,commerce
423,apm,apm
424,integrity,integrity
425,pricing,pricing
426,center,center
427,energy,energy
428,integration,integration
429,rvp,rvp
430,field,field
431,maintenance,maintenance
432,asso,asso
433,placement,placement
434,ui,user interface
435,ux,user experience
436,processing,processing
437,capital,capital
438,markets,markets
439,financial,finance
440,assurance,assurance
441,re,re
442,svp,senior vice president
443,employer,employer
444,branding,branding
445,arch,arch
446,system,system
447,google,google
448,assets,assets
449,affiliated,affiliated
450,department,department
451,alexa,alexa
452,skills,skills
453,kit,kit
454,abacus,abacus
455,market,market
456,agentic,agentic
457,sams,sams
458,club,club
459,freelancer,freelancer
460,propriter,propriter
461,political,political
462,editor,editor
463,cae,cae
464,marksandspencer,marksandspencer
465,eandpdevelopment,eandpdevelopment
466,cso,chief strategy officer
467,quantum,quantum
468,computing,computing
469,incubation,incubation
470,mining,mining
471,contractor,contractor
472,study,study
473,abroad,abroad
474,tag,tag
475,warehousing,warehousing
476,commissioning,commissioning
477,lecturer,lecturer
478,acm,acm
479,vespa,vespa
480,engine,engine
481,vehicle,vehicle
482,candsi,candsi
483,scraping,scraping
484,central,central
485,test,test
486,innovation,innovation
487,aicloud,aicloud
488,microsoft,microsoft
489,aws,aws
490,imagineer,imagineer
491,tester,tester
492,growth,growth
493,sector,sector
494,user,user
495,ww,ww
496,bd,business development
497,corporate,corporate
498,clerk,clerk
499,value,value
500,discovery,discovery
501,a,a
502,eam,eam
503,power,power
504,developermis,developermis
505,technologyedml,technologyedml
506,success,success
507,cpg,cpg
508,logistics,logistics
509,dna,dna
510,managerdata,managerdata
511,antimoney,antimoney
512,laundering,laundering
513,aml,aml
514,inventec,inventec
515,private,private
516,region,region
517,tug,tug
518,cognitive,cognitive
519,adoption,adoption
520,emeritus,emeritus
521,engineeer,engineeer
522,asda,asda
523,anz,anz
524,key,key
525,sourcer,sourcer
526,website,website
527,trainee,trainee
528,transportation,transportation
529,mobility,mobility
530,vertical,vertical
531,entrepreneur,entrepreneur
532,autosar,autosar
533,trainings,trainings
534,qdss,qdss
535,formerly,formerly
536,exb,exb
537,cs,customer support
538,event,event
539,datascience,datascience
540,temporary,temporary
541,intel,intel
542,us,us
543,acqusition,acqusition
544,singapore,singapore
545,australia,australia
546,brunei,brunei
547,my,my
548,gbs,gbs
549,npd,npd
550,purchase,purchase
551,asc,asc
552,dgm,dgm
553,piping,piping
554,csr,csr
555,modeling,modeling
556,control,control
557,instrument,instrument
558,iiot,iiot
559,evangelist,evangelist
560,technofunctional,technofunctional
561,biology,biology
562,educator,educator
563,icse,icse
564,ind,ind
565,gra,gra
566,infra,infra
567,spectrum,spectrum
568,mgmt,management
569,calibration,calibration
570,verification,verification
571,funtional,funtional
572,scm,supply chain management
573,managerit,managerit
574,trust,trust
575,foundational,foundational
576,iguazio,iguazio
577,mckinsey,mckinsey
578,company,company
579,domain,domain
580,ctio,ctio
581,as,as
582,code,code
583,servicenow,servicenow
584,qa,quality assurance
585,boltrics,boltrics
586,pl,pl
587,better,better
588,artist,artist
589,water,water
590,wastewater,wastewater
591,qc,quality control
592,academic,academic
593,coin,coin
594,siemens,siemens
595,industries,industries
596,dach,dach
597,investor,investor
598,trader,trader
599,mgr,manager
600,chapter,chapter
601,total,total
602,rewards,rewards
603,middle,middle
604,east,east
605,africa,africa
606,bu,bu
607,with,with
608,yrs,yrs
609,exp,exp
610,mgt,mgt
611,telecom,telecom
612,domains,domains
613,packaged,packaged
614,relationships,relationships
615,headcurriculum,headcurriculum
616,cio,chief information officer
617,cdo,chief data officer
618,bharat,bharat
619,forge,forge
