sr,word,synonym
0,word,word
1,RITZ,RITZ
2,ORIGINAL,ORIGINAL
3,CRACKERS,CRACKERS
4,GRAM,GRAM
5,PACK,PACK
6,UNIBIC,UNIBIC
7,CRANBERRY,CRANBERRY
8,ALMOND,ALMOND
9,COOKIES,COOKIES
10,BRITANNIA,BRITANNIA
11,GOOD,GOOD
12,DAY,DAY
13,CREAMY,CREAMY
14,BUTTER,BUTTER
15,CASHEW,CASHEW
16,LITTLE,LITTLE
17,HEARTS,HEARTS
18,PEPPERIDGE,PEPPERIDGE
19,FARM,FARM
20,GOLDFISH,GOLDFISH
21,PIZZA,PIZZA
22,QUAKER,QUAKER
23,CORN,CORN
24,CAKES,CAKES
25,FLAVOUR,FLAVOUR
26,NUTTER,NUTTER
27,PEANUT,PEANUT
28,SANDWICH,SANDWICH
29,CLASSIC,CLASSIC
30,BISLERI,BISLERI
31,PACKAGED,PACKAGED
32,DRINKING,DRINKING
33,WATER,WATER
34,BOTTLE,BOTTLE
35,HIMALAYAN,HIMALAYAN
36,NATURAL,NATURAL
37,MINERAL,MINERAL
38,ALKALINE,ALKALINE
39,SLEEPY,SLEEPY
40,OWL,OWL
41,DOUBLE,DOUBLE
42,SHOT,SHOT
43,ESPRESSO,ESPRESSO
44,READY,READY
45,DRINK,DRINK
46,COFFEE,COFFEE
47,RED,RED
48,BULL,BULL
49,SUGAR,SUGAR
50,FREE,FREE
51,ENERGY,ENERGY
52,LOW,LOW
53,CALORIE,CALORIE
54,BEVERAGE,BEVERAGE
55,PAPER,PAPER
56,BOAT,BOAT
57,STRAWBERRY,STRAWBERRY
58,LEMONADE,LEMONADE
59,FLAVOURED,FLAVOUR
60,REFRESHING,REFRESHING
61,COSMIC,COSMIC
62,FUNCTIONAL,FUNCTIONAL
63,GATORADE,GATORADE
64,LEMON,LEMON
65,SPORTS,SPORTS
66,ELECTROLYTE,ELECTROLYTE
67,TATA,TATA
68,TEA,TEA
69,GOLD,GOLD
70,SWEET,SWEET
71,ICED,ICED
72,ZERO,ZERO
73,GREEN,GREEN
74,BLUEBERRY,BLUEBERRY
75,DIET,DIET
76,LIPTON,LIPTON
77,PEACH,PEACH
78,SWEETENED,SWEETENED
79,DABUR,DABUR
80,ORGANIC,ORGANIC
81,HONEY,HONEY
82,PURE,PURE
83,SWEETENER,SWEETENED
84,KISSAN,KISSAN
85,JAM,JAM
86,FRUIT,FRUIT
87,SPREAD,SPREAD
88,MANTRA,MANTRA
89,VEEBA,VEEBA
90,CHIPOTLE,CHIPOTLE
91,SAUCE,SAUCE
92,SMOKY,SMOKY
93,SPICY,SPICY
94,CHILLI,CHILLI
95,LIQUID,LIQUID
96,SMOKE,SMOKY
97,HICKORY,HICKORY
98,COOKING,COOKIES
99,MARINADE,MARINADE
100,KEYA,KEYA
101,TACO,TATA
102,SEASONING,SEASONING
103,MIX,MIX
104,GLUTEN,GLUTEN
105,SPICE,SPICY
106,BLEND,BLEND
107,HABANERO,HABANERO
108,EXTRA,EXTRA
109,HOT,HOT
110,STONE,STONE
111,GROUND,GROUND
112,MUSTARD,MUSTARD
113,HORSERADISH,HORSERADISH
114,THICK,THICK
115,HEARTY,HEARTS
116,STEAK,STEAK
117,RICH,RICH
118,RANCH,RANCH
119,DIP,DIP
120,MAYONNAISE,MAYONNAISE
121,LIME,LIME
122,DRESSING,DRESSING
123,BORGES,BORGES
124,CROUTONS,CROUTONS
125,CAESAR,CAESAR
126,CHEESE,CHEESE
127,SLICED,SLICED
128,JALAPENO,JALAPENO
129,PEPPERS,PEPPERS
130,PICKLED,PICKLED
131,VEGETABLE,VEGETABLE
132,DICED,DICED
133,PIMENTO,PIMENTO
134,MILD,MILD
135,OKRA,OKRA
136,TANGY,TANGY
137,PRESERVED,PRESERVED
138,DEL,DEL
139,MONTE,MONTE
140,BABY,BABY
141,DILL,DILL
142,PICKLES,PICKLED
143,CRUNCHY,CRUNCHY
144,CUCUMBERS,CUCUMBERS
145,DELI,DEL
146,STYLE,STYLE
147,SPARKLING,SPARKLING
148,BERRY,BERRY
149,COKE,COKE
150,SOFT,SOFT
151,FRIDGE,FRIDGE
152,CANS,CANS
153,COLA,COLA
154,VANILLA,VANILLA
155,PEPSI,PEPSI
156,CARBONATED,CARBONATED
157,CAN,CANS
158,LAY'S,LAY'S
159,POTATO,POTATO
160,CHIPS,CHIPS
161,SEA,SEA
162,SALT,SALT
163,TOO,TOO
164,YUMM,YUMM
165,PUFF,PUFF
166,ACT,ACT
167,POPCORN,POPCORN
168,KETTLE,KETTLE
169,SOUR,SOUR
170,CREAM,CREAMY
171,ONION,ONION
172,KURKURE,KURKURE
173,SNACK,SNACK
174,MASALA,MASALA
175,WAVY,WAVY
176,DORITOS,DORITOS
177,TORTILLA,TORTILLA
178,SCOOPS,SCOOPS
179,STRIPS,STRIPS
180,HAPPILO,HAPPILO
181,ALMONDS,ALMOND
182,MEXICAN,MEXICAN
183,CASHEWS,CASHEW
184,SALTED,SALTED
185,HALDIRAM'S,HALDIRAM'S
186,PEANUTS,PEANUT
187,ROASTED,ROASTED
188,SMOKED,SMOKE
189,KERNELS,KERNELS
190,WHITE,WHITE
191,PEARL,PEARL
192,COUSCOUS,COUSCOUS
193,CAJUN,CAJUN
194,BROWN,BROWN
195,RICE,RICH
196,RITEBITE,RITEBITE
197,MAX,MAX
198,PROTEIN,PROTEIN
199,NUT,NUT
200,BAR,BAR
201,SALTY,SALT
202,YOGA,YOGA
203,FIG,FIG
204,FIBRE,FIBRE
205,KELLOGGS,KELLOGGS
206,NUTRI,NUTRI
207,GRAIN,GRAIN
208,BREAKFAST,BREAKFAST
209,ROLLS,ROLLS
210,MIXED,MIXED
211,INSTANT,INSTANT
212,OATS,OATS
213,REGULAR,REGULAR
214,PLAIN,PLAIN
215,HIGH,HIGH
216,SPECIAL,SPECIAL
217,MULTIGRAIN,MULTIGRAIN
218,CEREAL,CEREAL
219,MUESLI,MUESLI
220,SEEDS,SEEDS
221,FROOT,FROOT
222,LOOPS,LOOPS
223,CUP,CUP
224,WEIKFIELD,WEIKFIELD
225,CUSTARD,CUSTARD
226,POWDER,POWDER
227,DESSERT,DESSERT
228,HERSHEYS,HERSHEYS
229,BUTTERSCOTCH,BUTTERSCOTCH
230,SYRUP,SYRUP
231,ICE,ICED
232,DESSERTS,DESSERT
233,BLUE,BLUE
234,BIRD,BIRD
235,DRY,DRY
236,YEAST,YEAST
237,BAKING,BAKING
238,INGREDIENT,INGREDIENT
239,PILLSBURY,PILLSBURY
240,APPLE,APPLE
241,CINNAMON,CINNAMON
242,MUFFIN,MUFFIN
243,BAKE,BAKE
244,CADBURY,CADBURY
245,COCOA,COCOA
246,MARSHMALLOW,MARSHMALLOW
247,CORNBREAD,CORNBREAD
248,CHOCOLATE,CHOCOLATE
249,CHIP,CHIPS
250,EVEREST,EVEREST
251,TOASTED,TOASTED
252,SESAME,SESAME
253,PREMIUM,PREMIUM
254,REFINED,REFINED
255,COCONUT,COCONUT
256,OIL,OIL
257,AASHIRVAAD,AASHIRVAAD
258,WHEAT,WHEAT
259,FLOUR,FLOUR
260,DHAMPURE,DHAMPURE
261,RAW,RAW
262,UNREFINED,UNREFINED
263,INDIA,INDIA
264,HERBAL,HERBAL
265,CALM,CALM
266,RELAXATION,RELAXATION
267,BRU,BRU
268,FRENCH,FRENCH
269,ROAST,ROASTED
270,STRONG,STRONG
271,AROMA,AROMA
272,HOUSE,HOUSE
273,CONTINENTAL,CONTINENTAL
274,TOFFEE,TOFFEE
275,PODS,PODS
276,BLONDE,BLONDE
277,CAPPUCCINO,CAPPUCCINO
278,DONUT,DONUT
279,SHOP,SHOT
280,DARK,DARK
281,COLOMBIA,COLOMBIA
282,TOKAI,TOKAI
283,GUATEMALAN,GUATEMALAN
284,MOCHA,MOCHA
285,TASTE,TASTE
286,BASED,BASED
287,CANISTER,CANISTER
288,MINT,MINT
289,AMUL,AMUL
290,UHT,UHT
291,MILK,MILD
292,REAL,REAL
293,RASPBERRY,RASPBERRY
294,JUICE,JUICE
295,ACTIV,ACTIV
296,SODIUM,SODIUM
297,PEAR,PEARL
298,NESTLE,NESTLE
299,FAT,FAT
300,PENNE,PENNE
301,RIGATE,RIGATE
302,PASTA,PASTA
303,DURUM,DURUM
304,TOMATO,TOMATO
305,PESTO,PESTO
306,BASIL,BASIL
307,NAVNEET,NAVNEET
308,WRITING,WRITING
309,NOTEBOOK,NOTEBOOK
310,PRIMARY,PRIMARY
311,CASIO,CASIO
312,CALCULATOR,CALCULATOR
313,BASIC,BASIL
314,KANGARO,KANGARO
315,CLIPS,CLIPS
316,JUMBO,JUMBO
317,JOHN,JOHN
318,WEST,WEST
319,TUNA,TUNA
320,CHUNKS,CHUNKS
321,LIGHT,LIGHT
322,STANLEY,STANLEY
323,LEATHER,LEATHER
324,GLOVES,GLOVES
325,LARGE,LARGE
326,ORIGAMI,ORIGAMI
327,FOAM,FOAM
328,CUPS,CUP
329,OUNCE,OUNCE
330,DISPOSABLE,DISPOSABLE
331,ULTRA,ULTRA
332,FACIAL,FACIAL
333,TISSUE,TISSUE
334,BOX,BOX
335,PULLS,PULLS
336,CLEAR,CLEAR
337,PLASTIC,PLASTIC
338,RECYCLABLE,RECYCLABLE
339,PARTY,PARTY
340,PLATES,PLATES
341,INCH,INCH
342,USE,USE
343,GOODKNIGHT,GOODKNIGHT
344,ANT,ANT
345,BAIT,BAIT
346,TRAP,TRAP
347,EFFECTIVE,EFFECTIVE
348,PEST,PESTO
349,CONTROL,CONTROL
350,SOLUTION,SOLUTION
351,KNORR,KNORR
352,MUSHROOM,MUSHROOM
353,SOUP,SOUR
354,BASE,BASED
355,CHICKEN,CHICKEN
356,BROTH,BROTH
357,REDUCED,REDUCED
358,ASEPTIC,ASEPTIC
359,STOCK,STOCK
360,SERVE,SERVE
361,NOODLE,NOODLE
362,COOK,COKE
363,DEPOSIT,DEPOSIT
364,CHARGE,CHARGE
365,SINGLE,SINGLE
366,UNIT,UNIT
367,NON,NON
368,FOOD,FOOD
369,SERVICE,SERVICE
370,GROCERY,GROCERY
371,DISCOUNT,DISCOUNT
372,COUPON,COUPON
373,DIGITAL,DIGITAL
374,REDEMPTION,REDEMPTION
375,CODE,CODE
376,OFFER,OFFER
377,PUREPET,PUREPET
378,WET,WET
379,CAT,CAT
380,SAVIC,SAVIC
381,MULTI,MULTI
382,CLUMPING,CLUMPING
383,LITTER,LITTER
384,FRESH,FRESH
385,FRAGRANCE,FRAGRANCE
386,DROOLS,DROOLS
387,SEAFOOD,SEAFOOD
388,TREATS,TREATS
389,PEDIGREE,PEDIGREE
390,ADULT,ADULT
391,DOG,DOG
392,SALMON,SALMON
393,PROACTIVE,PROACTIVE
394,HEALTH,HEALTH
395,MINI,MINT
396,HIMALAYA,HIMALAYAN
397,STAIN,STAIN
398,ODOUR,ODOUR
399,REMOVER,REMOVER
400,CLEANING,CLEANING
401,SPRAY,SPRAY
402,KITTEN,KITTEN
403,VARIETY,VARIETY
404,GRAVY,GRAVY
405,QUALITY,QUALITY
406,RECIPE,RECIPE
407,VIM,VIM
408,DISHWASHER,DISHWASHER
409,GEL,GEL
410,DETERGENT,DETERGENT
411,AUTOMATIC,AUTOMATIC
412,MACHINES,MACHINES
413,FINISH,FINISH
414,RINSE,RINSE
415,AID,AID
416,ALL,ALL
417,ONE,ONE
418,TABLETS,TABLETS
419,SCENT,SCENT
420,COMFORT,COMFORT
421,FABRIC,FABRIC
422,SOFTENER,SOFTENER
423,DRYER,DRYER
424,SHEETS,SHEETS
425,SURF,SURF
426,EXCEL,EXCEL
427,MACHINE,MACHINES
428,WASH,WASH
429,HEAVY,HEAVY
430,DUTY,DUTY
431,PIGEON,PIGEON
432,SLIDER,SLIDER
433,FREEZER,FREEZER
434,STORAGE,STORAGE
435,BAGS,BAGS
436,QUART,QUART
437,SIZE,SIZE
438,GALLON,GALLON
439,AIRTIGHT,AIRTIGHT
440,PRESTIGE,PRESTIGE
441,ALUMINIUM,ALUMINIUM
442,ROASTER,ROASTED
443,PAN,PAN
444,STICK,STICK
445,LOAF,LOAF
446,GODREJ,GODREJ
447,AIR,AIR
448,FRESHENER,FRESHENER
449,REFILL,REFILL
450,TROPICAL,TROPICAL
451,DETTOL,DETTOL
452,DISINFECTANT,DISINFECTANT
453,MILTON,MILTON
454,PLUG-IN,PLUG-IN
455,LAVENDER,LAVENDER
456,ODONIL,ODONIL
457,BLOCK,BLOCK
458,LIZOL,LIZOL
459,FLOOR,FLOOR
460,CLEANER,CLEANER
461,GALA,GALA
462,GARBAGE,GARBAGE
463,SCOTCH-BRITE,SCOTCH-BRITE
464,SCRUB,SCRUB
465,SPONGE,SPONGE
466,OPTIMUM,OPTIMUM
467,NUTRITION,NUTRITION
468,STANDARD,STANDARD
469,WHEY,WHEY
470,ENSURE,ENSURE
471,SHAKE,SHAKE
472,WATERMELON,WATERMELON
473,GRANOLA,GRANOLA
474,URBAN,URBAN
475,PLATTER,PLATES
476,POLENTA,POLENTA
477,HOMMADE,HOMMADE
478,CHINGÃ†S,CHINGÃ†S
479,CHOW,CHOW
480,MEIN,MEIN
481,NOODLES,NOODLE
482,CHESTNUTS,CHESTNUTS
483,CHEETOS,CHEETOS
484,MAC,MAC
485,FLAMIN,FLAMIN
486,KRAFT,KRAFT
487,CHEESY,CHEESE
488,SHELLS,SHELLS
489,MOKSH,MOKSH
490,JESUS,JESUS
491,PRAYER,PRAYER
492,CANDLE,CANDLE
493,REFRIED,REFRIED
494,BEANS,BEANS
495,WINGREENS,WINGREENS
496,BEAN,BEANS
497,FIERY,FIERY
498,FARMS,FARM
499,SOUTHWEST,SOUTHWEST
500,ENCHILADA,ENCHILADA
501,CATCH,CATCH
502,WHOLE,WHOLE
503,RAJMA,RAJMA
504,BAKED,BAKE
505,PRASUMA,PRASUMA
506,EAT,EAT
507,RAVIOLI,RAVIOLI
508,TATTVA,TATTVA
509,KABULI,KABULI
510,CHANA,CHANA
511,SLURRP,SLURRP
512,PUREE,PURE
513,POUCH,POUCH
514,YUMMIEZ,YUMMIEZ
515,POTSTICKERS,POTSTICKERS
516,FROZEN,FROZEN
517,ITALIAN,ITALIAN
518,MEATBALLS,MEATBALLS
519,BURGER,BURGER
520,PATTY,PATTY
521,JUICY,JUICE
522,VENKYÃ†S,VENKYS
523,NUGGETS,NUGGETS
524,CRISPY,CRISPY
525,ITC,ITC
526,MASTER,MASTER
527,CHEF,CHEF
528,FINGERS,FINGERS
529,MEAL,MEAL
530,DOGS,DOG
531,PRETZEL,PRETZEL
532,BITE,BITE
533,HOMESTYLE,HOMESTYLE
534,BITES,BITE
535,BUFFALO,BUFFALO
536,BONELESS,BONELESS
537,FRY,FRY
538,FULLY,FULLY
539,COOKED,COOKED
540,PATTIES,PATTIES
541,HEAT,HEAT
542,WINGS,WINGS
543,FRYER,FRYER
544,ORANGE,ORANGE
545,POT,POT
546,PIE,PIE
547,LOADED,LOADED
548,CORDON,CORDON
549,BLEU,BLEU
550,STUFFED,STUFFED
551,CUTLETS,CUTLETS
552,BREAST,BREAST
553,CHEDDAR,CHEDDAR
554,SLIDERS,SLIDER
555,GOURMET,GOURMET
556,SPICES,SPICE
557,LICIOUS,LICIOUS
558,TANDOORI,TANDOORI
559,MARINATED,MARINADE
560,CUTS,CUTS
561,LAMB,LAMB
562,LEG,LEG
563,SHORT,SHORT
564,CUT,CUTS
565,TENDER,TENDER
566,MEAT,MEAL
567,EMPANADA,EMPANADA
568,BACK,BACK
569,RIBS,RIBS
570,KABOBS,KABOBS
571,VEGETABLES,VEGETABLE
572,SKEWERS,SKEWERS
573,COUNTRY,COUNTRY
574,SAUSAGE,SAUSAGE
575,SPICED,SPICE
576,LINKS,LINKS
577,PAPRIKA,PAPRIKA
578,GOAT,GOAT
579,BELLY,BELLY
580,SKINLESS,SKINLESS
581,HAND,HAND
582,TRIMMED,TRIMMED
583,THIN,THIN
584,NECK,NECK
585,BONES,BONES
586,TRADITIONAL,TRADITIONAL
587,HAM,HAM
588,QUARTER,QUART
589,GLAZED,GLAZED
590,HALF,HALF
591,SPIRAL,SPIRAL
592,STICKS,STICK
593,STOMACH,STOMACH
594,MARROW,MARROW
595,LIVER,LIVER
596,ORGAN,ORGANIC
597,ASIAN,ASIAN
598,SALAD,SALAD
599,KIT,KIT
600,FRESHLY,FRESH
601,PREPARED,PREPARED
602,SALAMI,SALAMI
603,MOZZARELLA,MOZZARELLA
604,STACKERS,STACKERS
605,NACHOS,NACHOS
606,PEPPERONI,PEPPERS
607,CRACKER,CRACKERS
608,PIECES,PIECES
609,THIGH,THIGH
610,BACON,BACON
611,SLICES,SLICED
612,APPLEWOOD,APPLEWOOD
613,PEPPER,PEPPERS
614,ENDS,ENDS
615,UNCURED,UNCURED
616,VENKY'S,VENKY'S
617,MINCE,MINCE
618,RIB,RIBS
619,CHOPS,CHOPS
620,CUBES,CUBES
621,TENDERLOINS,TENDERLOINS
622,BURNT,BURNT
623,KANSAS,KANSAS
624,BBQ,BBQ
625,CARNITAS,CARNITAS
626,THIGHS,THIGH
627,KOREAN,KOREAN
628,CHILE,CHILE
629,VERDE,VERDE
630,PULLED,PULLED
631,MASHED,MASHED
632,POTATOES,POTATO
633,FAMILY,FAMILY
634,BLACK,BLACK
635,GARLIC,GARLIC
636,ROSEMARY,ROSEMARY
637,SEEKH,SEEKH
638,KEBAB,KEBAB
639,TIKKA,TIKKA
640,MALAI,MALAI
641,MUTTON,MUTTON
642,CURRY,CURRY
643,FRESHTOHOME,FRESHTOHOME
644,SAUSAGES,SAUSAGE
645,TENDERLOIN,TENDERLOINS
646,PIECE,PIECES
647,SATAY,SATAY
648,FILLET,FILLET
649,SMALL,SMALL
650,DRUMSTICK,DRUMSTICK
651,PIECES),PIECES
652,BARBECUE,BARBECUE
653,FISH,FISH
654,GOODDOT,GOODDOT
655,VEG,VEG
656,PLANT,PLANT
657,ZORABIAN,ZORABIAN
658,BONE-IN,BONE-IN
659,WINGLETS,WINGLETS
660,DRUMSTICKS,DRUMSTICK
661,VALUE,VALUE
662,FRESHO!,FRESH
663,MEATIGO,MEATIGO
664,BRATWURST,BRATWURST
665,PERI,PERI
666,TENDERCUTS,TENDERCUTS
667,MODERN,MODERN
668,PUMPKIN,PUMPKIN
669,BAGELS,BAGELS
670,BREAD,BREAD
671,SWIRL,SWIRL
672,EVERYTHING,EVERYTHING
673,SAVOURY,SAVOURY
674,SCHAR,SCHAR
675,HAWAIIAN,HAWAIIAN
676,ENGLISH,ENGLISH
677,MUFFINS,MUFFIN
678,RAISIN,RAISIN
679,SOURDOUGH,SOURDOUGH
680,KETO,KETO
681,CARB,CARB
682,HARVEST,HARVEST
683,TEXAS,TEXAS
684,TOAST,TOASTED
685,SEASONAL,SEASONING
686,CRACKED,CRACKERS
687,RUSTIC,RUSTIC
688,PERCENT,PERCENT
689,HEALTHY,HEALTH
690,DAILY,DAILY
691,SEEDED,SEEDS
692,MULTISEED,MULTISEED
693,SPROUTED,SPROUTED
694,BRIOCHE,BRIOCHE
695,SMOOTH,SMOOTH
696,BAKERY,BAKERY
697,BUNS,BUNS
698,DINNER,DINNER
699,SEASONED,SEASONING
700,SALADS,SALAD
701,PUB,PUB
702,HAMBURGER,HAMBURGER
703,CIABATTA,CIABATTA
704,FLAT,FLAT
705,PITA,PITA
706,FLATBREAD,FLATBREAD
707,WRAPS,WRAPS
708,THINS,THIN
709,BREADSTICKS,BREADSTICKS
710,ASSORTED,ASSORTED
711,FILLED,FILLET
712,BUNDT,BUNDT
713,FESTIVE,FESTIVE
714,CUPCAKES,CUPCAKES
715,MONGINIS,MONGINIS
716,CAKE,CAKES
717,MULTIPACK,MULTIPACK
718,OATMEAL,OATMEAL
719,BARS,BAR
720,ROLL,ROLLS
721,SWISS,SWISS
722,BROWNIE,BROWN
723,CANDY,CANDY
724,TOPPINGS,TOPPINGS
725,BALLS,BALLS
726,COOKIE,COOKIES
727,PUFFS,PUFF
728,DONUTS,DONUT
729,WAFER,WAFER
730,DRIZZLE,DRIZZLE
731,COATED,COATED
732,CHERRY,CHERRY
733,BLACKBERRY,BLACKBERRY
734,FROSTED,FROSTED
735,POWDERED,POWDER
736,DANISH,DANISH
737,PASTRY,PASTRY
738,CLAW,CLAW
739,CIDER,CIDER
740,OLD,OLD
741,FASHIONED,FASHIONED
742,BUTTERMILK,BUTTERMILK
743,BUN,BUNS
744,APPLES,APPLE
745,GRANNY,GRANNY
746,SMITH,SMITH
747,CRISP,CRISPY
748,PINK,PINK
749,LADY,LADY
750,SWEETANGO,SWEETANGO
751,OPAL,OPAL
752,FANCY,FANCY
753,EUROPEAN,EUROPEAN
754,LUCY,LUCY
755,GLO,GLO
756,AUTUMN,AUTUMN
757,GLORY,GLORY
758,SUGARBEE,SUGARBEE
759,NATURALLY,NATURAL
760,DELICIOUS,DELICIOUS
761,HASS,HASS
762,AVOCADO,AVOCADO
763,RELIANCE,RELIANCE
764,MEDIUM,MEDIUM
765,FRESHO,FRESH
766,RASPBERRIES,RASPBERRY
767,STRAWBERRIES,STRAWBERRY
768,NUTRAJ,NUTRAJ
769,DRIED,DRIED
770,CRANBERRIES,CRANBERRY
771,BLUEBERRIES,BLUEBERRY
772,LEMONS,LEMON
773,SEEDLESS,SEEDLESS
774,NAVEL,NAVEL
775,ORANGES,ORANGE
776,BULK,BULL
777,CARA,CARB
778,GRAPEFRUIT,GRAPEFRUIT
779,COTTON,COTTON
780,GRAPES,GRAPES
781,MOON,MOON
782,DROP,DROP
783,BARTLETT,BARTLETT
784,PEARS,PEARL
785,LOOSE,LOOSE
786,BOSC,BOSC
787,ANJOU,ANJOU
788,YELLOW,YELLOW
789,PLUMS,PLUMS
790,APRICOTS,APRICOTS
791,PEACHES,PEACH
792,DRAGON,DRAGON
793,EXOTIC,EXOTIC
794,NUTRIENTS,NUTRIENTS
795,ALPHANSO,ALPHANSO
796,MANGO,MANGO
797,IMPORTED,IMPORTED
798,KIWI,KIWI
799,CHERRIES,CHERRIES
800,BEETROOT,BEETROOT
801,CABBAGE,CABBAGE
802,GOURD,GOURD
803,CELERY,CELERY
804,STALK,STALK
805,CARROT,CARROT
806,BUNCH,BUNCH
807,SPRING,SPRING
808,SPINACH,SPINACH
809,LEAVES,LEAVES
810,BULBS,BULBS
811,PRODUCE,PRODUCE
812,LONG,LONG
813,CUCUMBER,CUCUMBERS
814,LEAF,LEAF
815,LETTUCE,LETTUCE
816,ICEBERG,ICEBERG
817,LEAFY,LEAF
818,RADISH,RADISH
819,ROOT,ROOT
820,SUN,SUN
821,TOMATOES,TOMATO
822,BOK,BOK
823,CHOY,CHOW
824,GREENS,GREEN
825,HERB,HERB
826,PASTE,PASTA
827,LIGHTLY,LIGHT
828,CORIANDER,CORIANDER
829,PARSLEY,PARSLEY
830,AROMATIC,AUTOMATIC
831,CURLY,CURLY
832,SAGE,SAGE
833,BELLA,BELLY
834,MUSHROOMS,MUSHROOM
835,PORTOBELLO,PORTOBELLO
836,ONIONS,ONION
837,BELL,BELLY
838,GROWN,GROWN
839,HYDROPONIC,HYDROPONIC
840,GREENHOUSE,GREENHOUSE
841,ANAHEIM,ANAHEIM
842,POBLANO,POBLANO
843,SERRANO,SERRANO
844,PURPLE,PURPLE
845,GOLDEN,GOLDEN
846,WARTED,WARTED
847,DECORATIVE,DECORATIVE
848,NUTRITIOUS,NUTRITION
849,VINE,VINE
850,RIPE,RIPE
851,CLUSTER,CLUSTER
852,HARVESTED,HARVEST
853,BOWL,BOWL
854,SUPER,SUPER
855,BRUSSELS,BRUSSELS
856,SPROUTS,SPROUTED
857,BROCCOLI,BROCCOLI
858,ADDED,ADDED
859,PECANS,PECANS
860,PROV,PROV
861,TURKISH,TURKISH
862,OPEN,OPEN
863,SECRET,SECRET
864,ROSTAA,ROSTAA
865,TRAIL,TRAIL
866,ROCKY,ROCKY
867,ROAD,ROAD
868,FARMLEY,FARMLEY
869,SOKLET,SOKLET
870,CALIFORNIA,CALIFORNIA
871,WALNUT,WALNUT
872,SNACKIBLE,SNACKIBLE
873,YOGURT,YOGURT
874,PRETZELS,PRETZEL
875,NUTTY,NUTTY
876,GRITTIES,GRITTIES
877,CAULIFLOWER,CAULIFLOWER
878,BUTTERNUT,BUTTERNUT
879,SQUASH,SQUASH
880,CANTALOUPE,CANTALOUPE
881,PINEAPPLE,PINEAPPLE
882,YUMM!,YUMM
883,PRESSERY,PRESERVED
884,GINGER,GINGER
885,WELLNESS,WELLNESS
886,KAPIVA,KAPIVA
887,IMMUNITY,IMMUNITY
888,CAYENNE,CAYENNE
889,BOOSTER,BOOSTER
890,GRAPE,GRAPES
891,HAPPYBOOCH,HAPPYBOOCH
892,KOMBUCHA,KOMBUCHA
893,ATMOSPHERE,ATMOSPHERE
894,PASSION,PASSION
895,CITRUS,CITRUS
896,BANANA,BANANA
897,POPPY,POPPY
898,SEED,SEEDS
899,DR.,DR.
900,OETKER,OETKER
901,FUNFOODS,FUNFOODS
902,MAYO,MAYO
903,BALSAMIC,BALSAMIC
904,VINAIGRETTE,VINAIGRETTE
905,CREMICA,CREMICA
906,GNOCCHERIA,GNOCCHERIA
907,GNOCCHI,GNOCCHI
908,ACASA,ACASA
909,STYLPASTA,STYLPASTA
910,RICOTTA,RICOTTA
911,POPOÃ†S,POPOÃ†S
912,CULINARIA,CULINARIA
913,TORTELLINI,TORTELLINI
914,DISANO,DISANO
915,FUSILLI,FUSILLI
916,FETTUCCINE,FETTUCCINE
917,LINGUINE,LINGUINE
918,ALFREDO,ALFREDO
919,MARINARA,MARINADE
920,MILANO,MILANO
921,COLD,COLA
922,FOREST,FOREST
923,GRILLED,GRILLED
924,CURED,CURED
925,MAPLE,MAPLE
926,COMBO,COMBO
927,HAVARTI,HAVARTI
928,JACK,JACK
929,PROVOLONE,PROVOLONE
930,STRING,STRING
931,CAMEMBERT,CAMEMBERT
932,BRIE,BRIE
933,CHUNK,CHUNKS
934,GOUDA,GOUDA
935,WEDGES,WEDGES
936,AGED,AGED
937,EPIGAMIA,EPIGAMIA
938,ROTINI,ROTINI
939,THREE,THREE
940,KALE,KALE
941,TUSCAN,TUSCAN
942,JELLICE,JELLICE
943,JELLY,JELLY
944,CRYSTALS,CRYSTALS
945,SMOOR,SMOOR
946,MOUSSE,MOUSSE
947,HERBED,HERBED
948,NOTO,NOTO
949,BASKIN,BASKIN
950,ROBBINS,ROBBINS
951,PISTACHIO,PISTACHIO
952,SHRIKHAND,SHRIKHAND
953,CREAMBELL,CREAMBELL
954,RUSSIAN,RUSSIAN
955,MACARONI,MACARONI
956,GARDEN,GARDEN
957,FILLING,FILLING
958,AMERICAN,AMERICAN
959,NAAN,NAAN
960,DIPPERS,DIPPERS
961,CRISPS,CRISPY
962,TRAY,TRAP
963,BAGUETTE,BAGUETTE
964,TASTY,TASTE
965,NIBBLES,NIBBLES
966,BISCUIT,BISCUIT
967,KELLOGGÃ†S,KELLOGGS
968,GHOST,GHOST
969,MEXICALI,MEXICAN
970,GUACAMOLE,GUACAMOLE
971,HUMMUS,HUMMUS
972,CAPSICUM,CAPSICUM
973,SALSA,SALT
974,KALAMATA,KALAMATA
975,OLIVES,OLIVES
976,FIGARO,FIGARO
977,PRAVIN,PRAVIN
978,PICKLE,PICKLED
979,NEO,NEO
980,BINGO,BINGO
981,BRUSCHETTA,BRUSCHETTA
982,SAUERKRAUT,SAUERKRAUT
983,SPEARS,SPEARS
984,GHERKINS,GHERKINS
985,STORE,STORE
986,SENSODYNE,SENSODYNE
987,PRONAMEL,PRONAMEL
988,TOOTHPASTE,TOOTHPASTE
989,INTENSIVE,INTENSIVE
990,ENAMEL,ENAMEL
991,REPAIR,REPAIR
992,SENSITIVE,SENSITIVE
993,TEETH,TEETH
994,PROTECTION,PROTECTION
995,WAVE,WAVY
996,CARE,CARB
997,GENTLE,GENTLE
998,WHITENING,WHITENING
999,MULTI-ACTION,MULTI-ACTION
1000,PARODONTAX,PARODONTAX
1001,COLGATE,COLGATE
1002,TOTAL,TOTAL
1003,DEEP,DEEP
1004,CLEAN,CLEAR
1005,VISIBLE,VISIBLE
1006,TWIN,TWIN
1007,SENSITIVITY,SENSITIVE
1008,GUM,GUM
1009,PROTECT,PROTEIN
1010,COMPLETE,COMPLETE
1011,ACTIVE,ACTIV
1012,CHARCOAL,CHARCOAL
1013,LIP,LIP
1014,BALM,BALM
1015,BOROLINE,BOROLINE
1016,ANTISEPTIC,ANTISEPTIC
1017,NIVEA,NIVEA
1018,CHYAWANPRASH,CHYAWANPRASH
1019,GUMMIES,GUMMIES
1020,GILLETTE,GILLETTE
1021,SKIN,SKIN
1022,SHAVING,SHAVING
1023,ALOE,ALOE
1024,MOISTURIZING,MOISTURIZING
1025,PARK,PARK
1026,AVENUE,AVENUE
1027,TREE,TREE
1028,VERA,VERA
1029,CEDARWOOD,CEDARWOOD
1030,SHEA,SHEA
1031,KHADI,KHADI
1032,BATH,BATH
1033,PATANJALI,PATANJALI
1034,SOULFLOWER,SOULFLOWER
1035,EUCALYPTUS,EUCALYPTUS
1036,SLEEP,SLEEPY
1037,THERAPY,THERAPY
1038,STRESS,STRESS
1039,RELIEF,RELIEF
1040,AROMAHPURE,AROMAHPURE
1041,BUBBLE,BUBBLE
1042,RELAXING,RELAXING
1043,THE,THE
1044,LOVE,LOVE
1045,ELDERBERRY,ELDERBERRY
1046,DOVE,DOVE
1047,MEN+CARE,MEN+CARE
1048,BODY,BODY
1049,MEN,MEN
1050,IMPACT,IMPACT
1051,SHOWER,SHOWER
1052,DEEPLY,DEEPLY
1053,NOURISHING,NOURISHING
1054,JOJOBA,JOJOBA
1055,LIFEBUOY,LIFEBUOY
1056,SANITIZER,SANITIZER
1057,PUMP,PUMP
1058,PARACHUTE,PARACHUTE
1059,ADVANCED,ADVANCED
1060,VASELINE,VASELINE
1061,LOTION,LOTION
1062,FRUITY,FRUIT
1063,SHINE,SHINE
1064,SPF,SPF
1065,LAKME,LAKME
1066,NEUTROGENA,NEUTROGENA
1067,SHEER,SHEER
1068,SUNSCREEN,SUNSCREEN
1069,MOISTURE,MOISTURE
1070,LOTUS,LOTUS
1071,HERBALS,HERBAL
1072,SAFE,SAFE
1073,SPORT,SPORTS
1074,CETAPHIL,CETAPHIL
1075,MOISTURISING,MOISTURIZING
1076,CLEANSER,CLEANER
1077,HYDRO,HYDRO
1078,BOOST,BOOSTER
1079,CARBAMIDE,CARBAMIDE
1080,FORTE,FORTE
1081,VITAMIN,VITAMIN
1082,SOFTGEL,SOFTGEL
1083,CAPSULES,CAPSULES
1084,PROBIOTIC,PROBIOTIC
1085,STRAIN,STRAIN
1086,MELATONIN,MELATONIN
1087,HEALTHKART,HEALTHKART
1088,SOFTGELS,SOFTGEL
1089,SHAMPOO,SHAMPOO
1090,CONDITIONER,CONDITIONER
1091,DIAPER,DIAPER
1092,RASH,RASH
1093,PURIFYING,PURIFYING
1094,NEEM,NEEM
1095,FACE,FACE
1096,MAYBELLINE,MAYBELLINE
1097,FIT,FIT
1098,FOUNDATION,FOUNDATION
1099,LAKMÎ˜,LAKMÎ˜
1100,INVISIBLE,INVISIBLE
1101,IVORY,IVORY
1102,COSMETICS,COSMETICS
1103,MAKEUP,MAKEUP
1104,OAK,OAK
1105,FACES,FACE
1106,CANADA,CANADA
1107,BEIGE,BEIGE
1108,HIGHLIGHTER,HIGHLIGHTER
1109,DEW,DEW
1110,FROST,FROSTED
1111,TAN,TATA
1112,COLORBAR,COLORBAR
1113,BISQUE,BISQUE
1114,NUDE,NUDE
1115,FLORAL,FLORAL
1116,TONE,TONE
1117,PORCELAIN,PORCELAIN
1118,PERFECT,PERFECT
1119,ENRICH,ENRICH
1120,MATTE,MATTE
1121,LIPSTICK,LIPSTICK
1122,VIOLET,VIOLET
1123,LINER,LINER
1124,LUMBER,LUMBER
1125,PARTNER,PARTNER
1126,NEW,NEW
1127,YORK,YORK
1128,CRAVE,CRAVE
1129,ROSEWOOD,ROSEWOOD
1130,SPELLBOUND,SPELLBOUND
1131,LIT,LIT
1132,FIRE,FIRE
1133,DULCE,DULCE
1134,LECHE,LECHE
1135,SWEETHEART,SWEETHEART
1136,BLUSH,BLUSH
1137,GARNET,GARNET
1138,SCARLET,SCARLET
1139,SIENNA,SIENNA
1140,ROMANCE,ROMANCE
1141,MAUVE,MAUVE
1142,NAIL,NAIL
1143,COLOR,COLOR
1144,ROSE,ROSE
1145,DAWN,DAWN
1146,LACQUER,LACQUER
1147,COZUMELTED,COZUMELTED
1148,NOLA,NOLA
1149,WAY,WAY
1150,AURORA,AURORA
1151,BIG,BIG
1152,DONÃ†T,DONÃ†T
1153,BOSSA,BOSSA
1154,NOVA,NOVA
1155,EYELINER,EYELINER
1156,FELT,FELT
1157,TIP,TIP
1158,EYEBROW,EYEBROW
1159,ASH,ASH
1160,MASCARA,MASCARA
1161,VERY,VERA
1162,WATERPROOF,WATERPROOF
1163,KAJAL,KAJAL
1164,PENCIL,PENCIL
1165,DEODORANT,DEODORANT
1166,ROLL-ON,ROLL-ON
1167,CRYSTAL,CRYSTALS
1168,WILD,WILD
1169,BAY,BAY
1170,RUM,RUM
1171,BOURBON,BOURBON
1172,VETIVER,VETIVER
1173,COOL,COLA
1174,FOGG,FOGG
1175,ADVENTURE,ADVENTURE
1176,ENGAGE,ENGAGE
1177,RAIN,RAIN
1178,PLUS,PLUS
1179,SHIELD,SHIELD
1180,COASTAL,COASTAL
1181,SANDALWOOD,SANDALWOOD
1182,FIJI,FIJI
1183,MANDARIN,MARINARA
1184,UNSCENTED,UNSCENTED
1185,PAC,PACK
1186,WOMEN,WOMEN
1187,OCEAN,OCEAN
1188,JASMINE,JASMINE
1189,YARDLEY,YARDLEY
1190,SET,SET
1191,HAIR,HAIR
1192,STYLING,STYLING
1193,HOLD,HOLD
1194,HYDRATION,HYDRATION
1195,HEAD,HEAT
1196,SHOULDERS,SHOULDERS
1197,DAMAGED,DAMAGED
1198,OILY,OIL
1199,SCALP,SCALP
1200,CLOSE-UP,CLOSE-UP
1201,POWER,POWER
1202,PULP,PULP
1203,WITH,WITH
1204,CALCIUM,CALCIUM
1205,CARAMEL,CARAMEL
1206,MACCHIATO,MACCHIATO
1207,UNSWEETENED,UNSWEETENED
1208,RAGE,RAGE
1209,CONCORD,CORDON
1210,COCKTAIL,COCKTAIL
1211,MINUTE,MINUTE
1212,MAID,MAID
1213,PUNCH,PUNCH
1214,CHILLED,CHILLI
1215,WAGH,WAGH
1216,BAKRI,BAKRI
1217,PROCESSED,PROCESSED
1218,PANEER,PANEER
1219,LACTOSE,LACTOSE
1220,VARIANT,VARIANT
1221,GRATED,GRATED
1222,PARMESAN,PARMESAN
1223,PART,PARTY
1224,SKIMMED,SKIMMED
1225,SHREDDED,SHREDDED
1226,SHAVED,SHAVED
1227,VEGAN,VEGAN
1228,SHREDS,SHREDDED
1229,DAIRY,DAIRY
1230,SKIM,SKIN
1231,SHARP,SHARP
1232,TEXTURE,TEXTURE
1233,COLBY,COLBY
1234,WHIPPED,WHIPPED
1235,DELUXE,DELUXE
1236,FULL,FULLY
1237,COTTAGE,COTTAGE
1238,MATE,MATTE
1239,CREAMER,CREAMY
1240,GINGERBREAD,GINGERBREAD
1241,PEPPERMINT,PEPPERMINT
1242,STYLE),STYLE
1243,OATLY,OATLY
1244,OAT,OATS
1245,ALTERNATIVE,ALTERNATIVE
1246,GREEK,GREEN
1247,MASTI,MASTI
1248,DAHI,DAHI
1249,KIDS,KIDS
1250,TAAZA,TAAZA
1251,RICHÃ†S,RICHÃ†S
1252,TOPPING,TOPPINGS
1253,MILKY,MILK
1254,MIST,MIST
1255,MOTHER,MOTHER
1256,ROTATIONAL,ROTATIONAL
1257,SOFIT,SOFIT
1258,HERSHEYÃ†S,HERSHEYS
1259,ENHANCER,ENHANCER
1260,KOOL,KOOL
1261,WINKIN,WINKIN
1262,COW,COW
1263,CAVIN'S,CAVIN'S
1264,MILKSHAKE,MILKSHAKE
1265,EASY,EASY
1266,DIGEST,DIGEST
1267,TONED,TONE
1268,LIFE,LIFE
1269,FILTERED,FILTERED
1270,EGGNOG,EGGNOG
1271,HERITAGE,HERITAGE
1272,PASTEURISED,PASTEURISED
1273,DIGESTIVE,DIGESTIVE
1274,CHEESECAKE,CHEESECAKE
1275,KEY,KEYA
1276,FLAVOURS,FLAVOUR
1277,GRASS,GRASS
1278,FED,FED
1279,CHAMOMILE,CHAMOMILE
1280,CONTAINER,CONTINENTAL
1281,SUGUNA,SUGUNA
1282,HARD,HARD
1283,BOILED,BOILED
1284,EGGS,EGGS
1285,PEELED,PEELED
1286,EGGOZ,EGGOZ
1287,EGG,EGGS
1288,BAGEL,BAGELS
1289,CAGE,CAGE
1290,WHITES,WHITE
1291,PASTURE,PASTURE
1292,RAISED,RAISED
1293,BETTY,BETTY
1294,CROCKER,CRACKER
1295,MAKING,MAKING
1296,PUDDING,PUDDING
1297,MILK-PUDDING,MILK-PUDDING
1298,FLAN,FLAT
1299,DRYM,DRY
1300,FOODS,FOOD
1301,READY-TO-EAT,READY-TO-EAT
1302,KHEER,KHEER
1303,CRESCENT,CRESCENT
1304,DOUGH,DOUGH
1305,SHEET,SHEETS
1306,OVEN,OVEN
1307,SCRAMBLE,SCRAMBLE
1308,MCCAIN,MCCAIN
1309,HASH,HASS
1310,BROWNS,BROWN
1311,PRESIDENT,PRESIDENT
1312,CARTON,CARTON
1313,GOVARDHAN,GOVARDHAN
1314,UNSALTED,UNSALTED
1315,TUB,TUB
1316,COCOSUTRA,COCOSUTRA
1317,GOBBLERIGHT,GOBBLERIGHT
1318,PREMIX,PREMIUM
1319,NUTRALITE,NUTRALITE
1320,JAR,JAR
1321,ALPENLIEBE,ALPENLIEBE
1322,CREAMFILLS,CREAMFILLS
1323,PULSE,PULLS
1324,CENTRE,CENTRE
1325,GEMS,GEMS
1326,BUTTON,BUTTON
1327,MENTOS,MENTOS
1328,SPEARMINT,SPEARMINT
1329,MINT-O,MINT-O
1330,CHLORMINT,CHLORMINT
1331,LOZENGES,LOZENGES
1332,HERSHEYÃ”Ã‡Ã–S,HERSHEYÃ”Ã‡Ã–S
1333,REESEÃ”Ã‡Ã–S,REESEÃ”Ã‡Ã–S
1334,LINDT,LINDT
1335,EXCELLENCE,EXCELLENCE
1336,INTENSE,INTENSIVE
1337,CHUPA,CHUPA
1338,CHUPS,CHUPA
1339,LOLLIPOPS,LOLLIPOPS
1340,SUNFEAST,SUNFEAST
1341,FANTASY,FANTASY
1342,CHOCO,COCOA
1343,FILLS,FILLS
1344,TREAT,TREATS
1345,WAFERS,WAFER
1346,FARMLITE,FARMLITE
1347,TAJ,TATA
1348,MAHAL,MAHAL
1349,BISCUITS,BISCUIT
1350,PRINGLES,PRINGLES
1351,PINTOLA,PINTOLA
1352,WHOLEGRAIN,WHOLEGRAIN
1353,BREW,BREW
1354,MONSTER,MONSTER
1355,JAVA,JAVA
1356,TEAFIT,TEAFIT
1357,TEAME,TEAME
1358,LITRE,LITRE
1359,PARRYÃ”Ã‡Ã–S,PARRYÃ”Ã‡Ã–S
1360,EVOCUS,EVOCUS
1361,KINLEY,KINLEY
1362,VEDICA,VEDICA
1363,COCOFIT,COCOFIT
1364,SATTU,SATTU
1365,FAST&UP,FAST&UP
1366,RELOAD,RELOAD
1367,ELECTROLYTES,ELECTROLYTE
1368,ELECTRAL,ELECTRAL
1369,ORS,ORS
1370,PREDATOR,PREDATOR
1371,REIGN,REIGN
1372,FUEL,FUEL
1373,APIS,APIS
1374,MYFITNESS,MYFITNESS
1375,HAZELNUT,HAZELNUT
1376,ALPINO,ALPINO
1377,JONES,JONES
1378,KETCHUP,KETCHUP
1379,SQUEEZE,SQUEEZE
1380,BARBEQUE,BARBECUE
1381,SLOW-SIMMERED,SLOW-SIMMERED
1382,GRAVYMATTER,GRAVYMATTER
1383,MAGGI,MAGGI
1384,PROFESSIONAL,PROFESSIONAL
1385,SARAS,SARAS
1386,WINE,WINE
1387,VINEGAR,VINEGAR
1388,TOPS,TOPS
1389,PONTI,PONTI
1390,SUNDROP,SUNDROP
1391,EGGLESS,EGGLESS
1392,SQUEEZY,SQUEEZE
1393,GRABENORD,GRABENORD
1394,KEN'S,KEN'S
1395,LITE,LIT
1396,NORTHERN,NORTHERN
1397,RINGS,RINGS
1398,MOTHERÃ”Ã‡Ã–S,MOTHERÃ”Ã‡Ã–S
1399,RELISH,RELISH
1400,PITTED,PITTED
1401,FANTA,FANTASY
1402,SODA,SODA
1403,CLUB,CLUB
1404,SCHWEPPES,SCHWEPPES
1405,INDIAN,INDIA
1406,TONIC,TONIC
1407,EAST,EASY
1408,IMPERIAL,IMPERIAL
1409,DOKI,DOKI
1410,SMOKEY,SMOKE
1411,JERKY,JERKY
1412,GOCHUJANG,GOCHUJANG
1413,TELLICHERRY,TELLICHERRY
1414,SAMPANN,SAMPANN
1415,FLAKES,FLAKES
1416,ORIKA,ORIKA
1417,COARSE,COARSE
1418,ROCK,ROCKY
1419,NATURELAND,NATURELAND
1420,ORGANICS,ORGANIC
1421,IODISED,IODISED
1422,MALABAR,MALABAR
1423,GRINDER,GRINDER
1424,MCCORMICK,MCCORMICK
1425,PEPPERCORN,PEPPERCORN
1426,MDH,MDH
1427,DALDA,DALDA
1428,VANASPATI,VANASPATI
1429,MARGARINE,MARINADE
1430,FLAVOUR),FLAVOUR
1431,VIJAY,VIJAY
1432,FORTUNE,FORTUNE
1433,CANOLA,CANOLA
1434,VIRGIN,VIRGIN
1435,SIMPLY,SIMPLY
1436,BETTER,BETTER
1437,EVOO,EVOO
1438,CHEFSPRAY,CHEFSPRAY
1439,HOFFMAN,HOFFMAN
1440,SUNFLOWER,SUNFLOWER
1441,BAGRRY'S,BAGRRY'S
1442,MILKLAB,MILKLAB
1443,HOMOGENISED,HOMOGENISED
1444,ARROWHEAD,ARROWHEAD
1445,MILLS,MILLS
1446,CORNMEAL,CORNMEAL
1447,DAIVIK,DAIVIK
1448,MAIZE,MAIZE
1449,MAKKI,MAKKI
1450,ATTA,ATTA
1451,TARU,TATA
1452,PURPOSE,PURPOSE
1453,UNBLEACHED,UNBLEACHED
1454,HEMP,HEMP
1455,FLAXSEED,FLAXSEED
1456,CANE,CANS
1457,GRANULATED,GRANULATED
1458,MADHUR,MADHUR
1459,FINE,FINE
1460,ICING,ICING
1461,NATURA,NATURAL
1462,SACHETS,SACHETS
1463,LAKANTO,LAKANTO
1464,MONK,MOON
1465,AGAVE,AGAVE
1466,DATE,DATE
1467,NECTAR,NECTAR
1468,PANCAKE,PANCAKE
1469,BARREL,BARREL
1470,WAFFLE,WAFFLE
1471,GIRNAR,GIRNAR
1472,CHAI,CHAI
1473,LATTE,LATTE
1474,CONCENTRATE,CONCENTRATE
1475,RECONSTITUTED,RECONSTITUTED
1476,COOLER,COOLER
1477,RASNA,RASNA
1478,MAPRO,MAPRO
1479,FUSION,FUSION
1480,ARTICHOKE,ARTICHOKE
1481,PETITE,PETITE
1482,APRICOT,APRICOTS
1483,HALVES,HALVES
1484,JELLIED,JELLICE
1485,VIENNA,VIENNA
1486,BAJA,BAJA
1487,CHICKPEA,CHICKPEA
1488,HEINZ,HEINZ
1489,VEGETARIAN,VEGETARIAN
1490,CONDENSED,CONDENSED
1491,NISSIN,NISSIN
1492,TOP,TOPS
1493,RAMEN,RAMEN
1494,SAFFOLA,SAFFOLA
1495,LENTIL,LENTIL
1496,ENGLAND,ENGLAND
1497,CLAM,CLAW
1498,BAMBINO,BAMBINO
1499,ANGEL,ANGEL
1500,MEATLESS,MEATLESS
1501,STREET,STREET
1502,CRUST,CRUST
1503,PERSONAL,PERSONAL
1504,SAMYANG,SAMYANG
1505,BULDAK,BULDAK
1506,CARBONARA,CARBONATED
1507,SAPPORO,SAPPORO
1508,ICHIBAN,ICHIBAN
1509,ZIYAD,ZIYAD
1510,LUPINI,LUPINI
1511,MEDITERRANEAN,MEDITERRANEAN
1512,DOLMA,DOLMA
1513,DOLMAS,DOLMA
1514,GADRE,GADRE
1515,WHITEFISH,WHITEFISH
1516,PIKE,PIKE
1517,PREPARATION,PREPARATION
1518,YEHUDA,YEHUDA
1519,MEMORIAL,MEMORIAL
1520,BURNING,BURNING
1521,BUCKWHEAT,BUCKWHEAT
1522,KASHA,KASHA
1523,JERK,JERKY
1524,CARIBBEAN,CARIBBEAN
1525,MTR,MTR
1526,PUNJABI,PUNJABI
1527,CHHOLE,CHHOLE
1528,PATAK'S,PATAK'S
1529,SIMMER,SIMMER
1530,CHIA,CHIP
1531,SUPERFOOD,SUPERFOOD
1532,CHILLIES,CHILLI
1533,MILKMAID,MILKMAID
1534,MEDIA,MEDIA
1535,CREMA,CREMA
1536,CHUNKY,CHUNKS
1537,CASERA,CASERA
1538,CHICKPEAS,CHICKPEA
1539,PINTO,PINTOLA
1540,PRE,PRE
1541,CORNITOS,CORNITOS
1542,TORTILLAS,TORTILLA
1543,KING,KING
1544,PEE,PEE
1545,FLUSHABLE,FLUSHABLE
1546,WIPES,WIPES
1547,KITCHEN,KITCHEN
1548,TOWELS,TOWELS
1549,CELLO,CELLO
1550,DESIGNER,DESIGNER
1551,BOWLS,BOWL
1552,CUTLERY,CUTLETS
1553,PLATINUM,PLATINUM
1554,POWERWASH,POWERWASH
1555,DISH,DISH
1556,DISHWASH,DISHWASHER
1557,MEE,MEE
1558,LAUNDRY,LAUNDRY
1559,DOMEX,DOMEX
1560,BLEACH,BLEACH
1561,LINEN,LINER
1562,GHADI,GHADI
1563,TRIPLE,TRIPLE
1564,ACTION,ACTION
1565,VANISH,VANISH
1566,OXI,OXI
1567,REVIVE,REVIVE
1568,WHITENER,WHITENING
1569,UJALA,UJALA
1570,COLOUR,COLOUR
1571,PATE,PATE
1572,CHEESEBURGER,CHEESEBURGER
1573,TRAINING,TRAINING
1574,SNACKS,SNACK
1575,MEATY,MEAT
1576,WHISKAS,WHISKAS
1577,FORMULA,FORMULA
1578,ME-O,ME-O
1579,NON-CLUMPING,NON-CLUMPING
1580,VITAPOL,VITAPOL
1581,FEED,FED
1582,SMORGASBORD,SMORGASBORD
1583,CRITTER,CRITTER
1584,CRUNCH,CRUNCHY
1585,SUET,SUET
1586,BIRDS,BIRD
1587,JOY,JOY
1588,BRIQUETTES,BRIQUETTES
1589,GRILLING,GRILLING
1590,SELECT,SELECT
1591,WOOD,WOOD
1592,PELLETS,PELLETS
1593,WEBER,WEBER
1594,GRILLS,GRILLED
1595,STOVEKRAFT,STOVEKRAFT
1596,LIGHTER,LIGHT
1597,FLUID,FLUID
1598,IGNITION,IGNITION
1599,ROYAL,ROYAL
1600,STARTER,STARTER
1601,FIREPLACE,FIREPLACE
1602,FAST,FAST
1603,BLOCKS,BLOCK
1604,QUICK,QUICK
1605,ECOFLAME,ECOFLAME
1606,LOG,LOG
1607,HOUR,HOUR
1608,BURN,BURNT
1609,DURAFLAME,DURAFLAME
1610,LOGS,LOG
1611,FIREWOOD,FIREWOOD
1612,BUNDLE,BUNDLE
1613,INDOOR,INDOOR
1614,OUTDOOR,OUTDOOR
1615,CRICKET,CRICKET
1616,REACH,REACH
1617,GAS,GAS
1618,BOLD,BOLD
1619,POCKET,POCKET
1620,FLEXIBLE,FLEXIBLE
1621,UTILITY,UTILITY
1622,MORTON,MORTON
1623,TREATMENT,TREATMENT
1624,SURESOFT,SURESOFT
1625,SPLASH,SPLASH
1626,MELT,MELT
1627,SNOW,SNOW
1628,REMOVAL,REMOVER
1629,PET,PET
1630,GRANULES,GRANULES
1631,SURFACES,SURFACES
1632,NESTLâ”œÂ®,NESTLâ”œÂ®
1633,CERELAC,CERELAC
1634,TODDLERS,TODDLERS
1635,MELTS,MELT
1636,SIMILAC,SIMILAC
1637,INFANT,INFANT
1638,IRON,IRON
1639,ENFAGROW,ENFAGROW
1640,EASE,EASY
1641,TODDLER,TODDLERS
1642,NIDO,NIDO
1643,EXCELLA,EXCEL
1644,BABIES,BABIES
1645,PEDIALYTE,PEDIALYTE
1646,PURIFIED,PURIFIED
1647,FLUORIDE,FLUORIDE
1648,BURST,BURST
1649,TALL,TATA
1650,WASTE,WASTE
1651,REYNOLDS,REYNOLDS
1652,FOIL,FOIL
1653,SQUARE,SQUARE
1654,FEET,FEED
1655,CHING'S,CHING'S
1656,STIR,STIR
1657,YOLK,YOLK
1658,RIGATONI,RIGATONI
1659,PASO,PASO
1660,DEVOTIONAL,DEVOTIONAL
1661,WAX,WAX
1662,VIRGEN,VIRGEN
1663,GUADALUPE,GUADALUPE
1664,JUDE,JUDE
1665,SCENTED,SCENT
1666,MIRACLE,MIRACLE
1667,TEPEYAC,TEPEYAC
1668,ROSARITA,ROSARITA
1669,BADIA,BADIA
1670,SOLO,SOLO
1671,KLEENEX,KLEENEX
1672,UPRIGHT,UPRIGHT
1673,CUBE,CUBES
1674,POWERBALL,POWERBALL
1675,COUNT,COUNTRY
1676,ARM,ARM
1677,HAMMER,HAMMER
1678,BONUS,BONUS
1679,SUPREME,SUPREME
1680,PURINA,PURINA
1681,FEAST,FEAST
1682,LOVERS,LOVERS
1683,FRISKIES,FRISKIES
1684,SAVORY,SAVOURY
1685,WILDERNESS,WILDERNESS
1686,HARTZ,HARTZ
1687,DELECTABLES,DELECTABLES
1688,YUMS,YUMM
1689,TEMPTATIONS,TEMPTATIONS
1690,TIDY,TIDY
1691,CATS,CAT
1692,SCOOPABLE,SCOOPABLE
1693,FUN,FUN
1694,WRAPPED,WRAPPED
1695,CHEW,CHEF
1696,PADS,PADS
1697,HEFTY,HEFTY
1698,VACUUM,VACUUM
1699,ZIPLOC,ZIPLOC
1700,RANA,RANA
1701,TORTELLONI,TORTELLINI
1702,MOUNT,MOUNT
1703,OLIVE,OLIVES
1704,SOPPRESSATA,SOPPRESSATA
1705,VERONI,VERONI
1706,ANTIPASTO,ANTIPASTO
1707,ITALIANO,ITALIAN
1708,TRIO,TRIO
1709,SELECTION,SELECTION
1710,CARAMELIZED,CARAMELIZED
1711,KAUKAUNA,KAUKAUNA
1712,BALL,BALLS
1713,EIFFEL,EIFFEL
1714,TOWER,TOWER
1715,ROUNDS,ROUNDS
1716,PRIMO,PRIMO
1717,TAGLIO,TAGLIO
1718,SUMMER,SUMMER
1719,SLAW,SLAW
1720,MRS,MRS
1721,GERRY'S,GERRY'S
1722,BOWTIE,BOWTIE
1723,SELF,SELF
1724,ROTELLI,ROTELLI
1725,DEVILED,DEVILED
1726,SIGNATURE,SIGNATURE
1727,STONEFIRE,STONEFIRE
1728,CROISSANT,CROISSANT
1729,RESTAURANT,RESTAURANT
1730,FUJI,FUJI
1731,AVOCADOS,AVOCADO
1732,BAG,BAGS
1733,PLANTAIN,PLANTAIN
1734,BANANAS,BANANA
1735,ECONOMY,ECONOMY
1736,BLACKBERRIES,BLACKBERRY
1737,HONEYDEW,HONEYDEW
1738,MELON,MELON
1739,D'ANJOU,D'ANJOU
1740,CLAMSHELL,CLAMSHELL
1741,POMEGRANATES,POMEGRANATES
1742,CHERIMOYA,CHERIMOYA
1743,PINKGLOW,PINKGLOW
1744,RAINIER,RAINIER
1745,BUNCHED,BUNCH
1746,BEETROOTS,BEETROOT
1747,CHRISTOPHER,CHRISTOPHER
1748,MINCED,MINCE
1749,WORLD,WORLD
1750,ELEPHANT,ELEPHANT
1751,ROMAINE,ROMAINE
1752,SUNDRIED,SUNDRIED
1753,CHILI,CHILLI
1754,ASPARAGUS,ASPARAGUS
1755,CROWNS,CROWNS
1756,BROCCOLINI,BROCCOLI
1757,SAVOY,SAVOY
1758,TOMATILLOS,TOMATILLOS
1759,DAIKON,DAIKON
1760,OYSTER,OYSTER
1761,CRIMINI,CRIMINI
1762,BHAVNAGRI,BHAVNAGRI
1763,KADDU,KADDU
1764,COLESLAW,COLESLAW
1765,ARUGULA,ARUGULA
1766,MEDLEY,MEDLEY
1767,FLORETS,FLORETS
1768,MOONG,MOON
1769,POMEGRANATE,POMEGRANATES
1770,ARILS,ARILS
1771,WONDERFUL,WONDERFUL
1772,PISTACHIOS,PISTACHIO
1773,SHELL,SHELLS
1774,VEGGIE,VEGGIE
1775,SUN-MAID,SUN-MAID
1776,RAISINS,RAISIN
1777,SUNSWEET,SUNSWEET
1778,PRUNES,PRUNES
1779,MOMOS,MOMOS
1780,WRAPPER,WRAPPED
1781,HOME,HOME
1782,BOMBUCHA,BOMBUCHA
1783,KIMCHI,KIMCHI
1784,COMPANY,COMPANY
1785,FERMENTED,FERMENTED
1786,NATA,NATA
1787,COCO,COCOA
1788,BLAST,BLAST
1789,INDYA,INDYA
1790,CROUTON,CROUTONS
1791,SORRENTINA,SORRENTINA
1792,CROSTINI,CROSTINI
1793,THOUSAND,THOUSAND
1794,ISLAND,ISLAND
1795,SICILIA,SICILIA
1796,BAKER'S,BAKERY
1797,CANDIED,CANDIED
1798,PEEL,PEE
1799,CREME,CREMA
1800,DEBBIE,DEBBIE
1801,MAD,MAD
1802,OVER,OVEN
1803,DOZEN,DOZEN
1804,THEOBROMA,THEOBROMA
1805,SLICE,SLICED
1806,RYE,RYE
1807,LAVA,LAVA
1808,CHOCOBAKES,CHOCOBAKES
1809,LAYERED,LAYERED
1810,STRIP,STRIPS
1811,TERIYAKI,TERIYAKI
1812,KALBI,KALBI
1813,KABAB,KABAB
1814,CHINESE,CHINESE
1815,POUND,POUND
1816,KEEMA,KEEMA
1817,LEAN,LEAF
1818,FRENCHED,FRENCH
1819,SEMI,SEMI
1820,CENTER,CENTER
1821,BONE,BONES
1822,GIZZARD,GIZZARD
1823,MONTEREY,MONTEREY
1824,GIZZARDS,GIZZARD
1825,CORNISH,CORNISH
1826,DUCK,DUCK
1827,BISON,BISON
1828,ELK,ELK
1829,STEW,STEW
1830,TAVERN,TAVERN
1831,JUICES,JUICE
1832,ROPE,ROPE
1833,FRANKS,FRANKS
1834,FRANK,FRANKS
1835,CHORIZO,CHORIZO
1836,THAI,THAI
1837,CILANTRO,CILANTRO
1838,FRIED,FRIED
1839,CUTLET,CUTLETS
1840,BATTERED,BATTERED
1841,TENDERS,TENDER
1842,GRILL,GRILLED
1843,RUB,RUB
1844,SCALLOPED,SCALLOPED
1845,GRADE,GRADE
1846,RANGE,RANGE
1847,OMEGA,OMEGA
1848,ENRICHED,ENRICH
1849,SOY,SOY
1850,DHA,DHA
1851,CURD,CURD
1852,MONTHS,MONTHS
1853,SMOOTHIE,SMOOTH
1854,FLIP,FLIP
1855,QUESADILLA,QUESADILLA
1856,MELTING,MELTING
1857,SINGLES,SINGLE
1858,PECAN,PECANS
1859,CRUMBLED,CRUMBLED
1860,FETA,FEET
1861,RANCHERO,RANCHERO
1862,SWIRLS,SWIRL
1863,TAPIOCA,TAPIOCA
1864,COBBLER,COBBLER
1865,SCRAMBLED,SCRAMBLE
1866,SPREADABLE,SPREADABLE
1867,MOTHER'S,MOTHER
1868,KOSHER,KOSHER
1869,PRIYA,PRIYA
1870,TROPICANA,TROPICAL
1871,SOME,SOME
1872,PRESSED,PRESERVED
1873,STARBUCKS,STARBUCKS
1874,CAFE,CAFE
1875,BRAZILIAN,BRAZILIAN
1876,PEAS,PEAR
1877,GATE,GATE
1878,BASMATI,BASMATI
1879,DAAWAT,DAAWAT
1880,QUINOA,QUINOA
1881,KELLOGG'S,KELLOGGS
1882,FLAX,FLAT
1883,BIRTHDAY,BIRTHDAY
1884,YOGABAR,YOGABAR
1885,BERRIES,BERRIES
1886,FUIT,FUIT
1887,ROLLUPS,ROLLUPS
1888,GRAHAM,GRAHAM
1889,KEEBLER,KEEBLER
1890,CRUSTS,CRUST
1891,HERSHEY'S,HERSHEYS
1892,FLAVORED,FLAVOURED
1893,KWALITY,KWALITY
1894,WALL'S,WALL'S
1895,FUDGE,FUDGE
1896,VADILAL,VADILAL
1897,CONES,CONES
1898,FROSTING,FROSTING
1899,DECORATION,DECORATIVE
1900,MASON,MASON
1901,WITCHES,WITCHES
1902,SPRINKLES,SPRINKLES
1903,PURAMATE,PURAMATE
1904,RAINBOW,RAINBOW
1905,JIMMIES,JIMMIES
1906,WINTER,WINTER
1907,THEME,THEME
1908,CARNATION,CARBONARA
1909,EVAPORATED,EVAPORATED
1910,EXTRACT,EXTRA
1911,ESSENCE,ESSENCE
1912,AJANTA,AJANTA
1913,NUTRITIONAL,NUTRITION
1914,CREOLE,CREOLE
1915,GHEE,GHEE
1916,TART,TATA
1917,UNFILTERED,UNFILTERED
1918,SOLID,SOLID
1919,SPAGHETTI,SPAGHETTI
1920,ALPHABET,ALPHABET
1921,PRESERVE,PRESERVED
1922,MALA'S,MALA'S
1923,SOUTHERN,SOUTHERN
1924,GHERKIN,GHERKINS
1925,COCA-COLA,COCA-COLA
1926,PREBIOTIC,PROBIOTIC
1927,SOSYO,SOSYO
1928,BEER,BEER
1929,QUESO,QUESO
1930,MICROWAVE,MICROWAVE
1931,MOVIE,MOVIE
1932,THEATRE,TREATS
1933,MOUNTAIN,MOUNTAIN
1934,KODAI,KODAI
